image_id,product_id,image_url,created_at
1,1,http://cdc.gov/amet.html?pellentesque=justo&quisque=nec&porta=condimentum&volutpat=neque&erat=sapien&quisque=placerat&erat=ante&eros=nulla&viverra=justo&eget=aliquam&congue=quis&eget=turpis&semper=eget&rutrum=elit&nulla=sodales&nunc=scelerisque&purus=mauris&phasellus=sit&in=amet&felis=eros&donec=suspendisse&semper=accumsan&sapien=tortor&a=quis&libero=turpis&nam=sed&dui=ante&proin=vivamus&leo=tortor&odio=duis&porttitor=mattis&id=egestas&consequat=metus&in=aenean&consequat=fermentum&ut=donec&nulla=ut&sed=mauris&accumsan=eget&felis=massa&ut=tempor&at=convallis&dolor=nulla&quis=neque&odio=libero&consequat=convallis&varius=eget&integer=eleifend&ac=luctus&leo=ultricies&pellentesque=eu,2/29/2020
2,2,http://time.com/adipiscing/molestie/hendrerit/at.jsp?non=dolor&mattis=quis&pulvinar=odio&nulla=consequat&pede=varius&ullamcorper=integer&augue=ac&a=leo&suscipit=pellentesque&nulla=ultrices&elit=mattis&ac=odio&nulla=donec&sed=vitae&vel=nisi&enim=nam&sit=ultrices&amet=libero&nunc=non&viverra=mattis&dapibus=pulvinar&nulla=nulla&suscipit=pede&ligula=ullamcorper&in=augue&lacus=a&curabitur=suscipit&at=nulla&ipsum=elit&ac=ac&tellus=nulla&semper=sed&interdum=vel&mauris=enim&ullamcorper=sit&purus=amet&sit=nunc&amet=viverra&nulla=dapibus&quisque=nulla&arcu=suscipit&libero=ligula&rutrum=in&ac=lacus&lobortis=curabitur&vel=at&dapibus=ipsum&at=ac,5/14/2020
3,3,https://dropbox.com/libero/convallis/eget/eleifend.png?odio=ut&curabitur=dolor&convallis=morbi&duis=vel&consequat=lectus&dui=in&nec=quam&nisi=fringilla&volutpat=rhoncus&eleifend=mauris&donec=enim&ut=leo&dolor=rhoncus&morbi=sed&vel=vestibulum&lectus=sit&in=amet&quam=cursus&fringilla=id&rhoncus=turpis&mauris=integer&enim=aliquet&leo=massa&rhoncus=id&sed=lobortis&vestibulum=convallis&sit=tortor&amet=risus&cursus=dapibus&id=augue&turpis=vel&integer=accumsan&aliquet=tellus&massa=nisi&id=eu&lobortis=orci&convallis=mauris&tortor=lacinia&risus=sapien&dapibus=quis&augue=libero&vel=nullam&accumsan=sit&tellus=amet&nisi=turpis&eu=elementum&orci=ligula&mauris=vehicula&lacinia=consequat&sapien=morbi&quis=a&libero=ipsum&nullam=integer&sit=a&amet=nibh&turpis=in&elementum=quis&ligula=justo&vehicula=maecenas&consequat=rhoncus&morbi=aliquam&a=lacus&ipsum=morbi&integer=quis&a=tortor&nibh=id&in=nulla&quis=ultrices&justo=aliquet&maecenas=maecenas&rhoncus=leo&aliquam=odio&lacus=condimentum&morbi=id&quis=luctus&tortor=nec&id=molestie&nulla=sed&ultrices=justo&aliquet=pellentesque&maecenas=viverra,10/31/2021
4,4,http://woothemes.com/in/hac/habitasse/platea.png?in=lobortis&faucibus=sapien&orci=sapien&luctus=non&et=mi&ultrices=integer,12/28/2020
5,5,https://mail.ru/donec/odio/justo/sollicitudin.png?posuere=id&metus=ornare&vitae=imperdiet&ipsum=sapien&aliquam=urna&non=pretium&mauris=nisl&morbi=ut&non=volutpat&lectus=sapien&aliquam=arcu&sit=sed&amet=augue&diam=aliquam&in=erat&magna=volutpat&bibendum=in&imperdiet=congue&nullam=etiam&orci=justo&pede=etiam&venenatis=pretium&non=iaculis&sodales=justo&sed=in&tincidunt=hac&eu=habitasse&felis=platea&fusce=dictumst&posuere=etiam&felis=faucibus&sed=cursus&lacus=urna&morbi=ut&sem=tellus&mauris=nulla&laoreet=ut&ut=erat&rhoncus=id&aliquet=mauris&pulvinar=vulputate&sed=elementum&nisl=nullam&nunc=varius&rhoncus=nulla&dui=facilisi&vel=cras&sem=non&sed=velit&sagittis=nec&nam=nisi,9/16/2022
6,6,https://paginegialle.it/risus/dapibus/augue/vel.xml?sapien=tincidunt&quis=eu&libero=felis&nullam=fusce&sit=posuere&amet=felis&turpis=sed&elementum=lacus&ligula=morbi&vehicula=sem&consequat=mauris,3/19/2021
7,7,https://opensource.org/at/velit/eu/est/congue.jpg?congue=lobortis&vivamus=est&metus=phasellus&arcu=sit&adipiscing=amet&molestie=erat&hendrerit=nulla&at=tempus,11/8/2021
8,8,http://cpanel.net/ac/neque/duis.js?sed=platea&interdum=dictumst&venenatis=maecenas&turpis=ut&enim=massa&blandit=quis&mi=augue&in=luctus&porttitor=tincidunt&pede=nulla&justo=mollis&eu=molestie&massa=lorem&donec=quisque&dapibus=ut&duis=erat&at=curabitur&velit=gravida&eu=nisi&est=at&congue=nibh&elementum=in&in=hac&hac=habitasse&habitasse=platea&platea=dictumst&dictumst=aliquam&morbi=augue&vestibulum=quam&velit=sollicitudin&id=vitae&pretium=consectetuer&iaculis=eget&diam=rutrum&erat=at&fermentum=lorem&justo=integer&nec=tincidunt&condimentum=ante&neque=vel&sapien=ipsum&placerat=praesent&ante=blandit&nulla=lacinia&justo=erat&aliquam=vestibulum&quis=sed&turpis=magna&eget=at,12/21/2022
9,9,http://ucoz.com/mauris/eget/massa/tempor/convallis/nulla/neque.jsp?dui=natoque&nec=penatibus&nisi=et&volutpat=magnis&eleifend=dis,12/3/2020
10,10,http://nsw.gov.au/ante/vestibulum/ante/ipsum/primis/in.png?fermentum=ipsum&justo=dolor&nec=sit&condimentum=amet&neque=consectetuer&sapien=adipiscing&placerat=elit&ante=proin&nulla=interdum&justo=mauris&aliquam=non&quis=ligula&turpis=pellentesque&eget=ultrices&elit=phasellus&sodales=id&scelerisque=sapien&mauris=in&sit=sapien&amet=iaculis&eros=congue&suspendisse=vivamus&accumsan=metus&tortor=arcu&quis=adipiscing&turpis=molestie&sed=hendrerit&ante=at&vivamus=vulputate&tortor=vitae&duis=nisl&mattis=aenean&egestas=lectus&metus=pellentesque&aenean=eget&fermentum=nunc&donec=donec&ut=quis&mauris=orci&eget=eget&massa=orci&tempor=vehicula&convallis=condimentum&nulla=curabitur&neque=in&libero=libero&convallis=ut&eget=massa&eleifend=volutpat&luctus=convallis&ultricies=morbi&eu=odio&nibh=odio&quisque=elementum&id=eu&justo=interdum,9/22/2022
11,11,http://istockphoto.com/luctus/rutrum/nulla/tellus/in/sagittis/dui.html?vestibulum=id&sagittis=massa&sapien=id&cum=nisl&sociis=venenatis&natoque=lacinia&penatibus=aenean&et=sit&magnis=amet&dis=justo&parturient=morbi&montes=ut&nascetur=odio&ridiculus=cras&mus=mi&etiam=pede&vel=malesuada&augue=in&vestibulum=imperdiet&rutrum=et&rutrum=commodo&neque=vulputate&aenean=justo&auctor=in&gravida=blandit&sem=ultrices&praesent=enim&id=lorem&massa=ipsum&id=dolor&nisl=sit&venenatis=amet&lacinia=consectetuer&aenean=adipiscing&sit=elit&amet=proin&justo=interdum&morbi=mauris&ut=non&odio=ligula&cras=pellentesque&mi=ultrices&pede=phasellus&malesuada=id&in=sapien&imperdiet=in&et=sapien&commodo=iaculis&vulputate=congue&justo=vivamus&in=metus&blandit=arcu&ultrices=adipiscing&enim=molestie&lorem=hendrerit&ipsum=at&dolor=vulputate&sit=vitae&amet=nisl&consectetuer=aenean&adipiscing=lectus&elit=pellentesque&proin=eget&interdum=nunc&mauris=donec&non=quis&ligula=orci&pellentesque=eget&ultrices=orci&phasellus=vehicula&id=condimentum&sapien=curabitur&in=in&sapien=libero,12/21/2020
12,12,https://weibo.com/morbi.jsp?nulla=ut&suspendisse=erat&potenti=id&cras=mauris&in=vulputate&purus=elementum&eu=nullam&magna=varius&vulputate=nulla&luctus=facilisi&cum=cras&sociis=non&natoque=velit&penatibus=nec&et=nisi&magnis=vulputate&dis=nonummy&parturient=maecenas&montes=tincidunt&nascetur=lacus&ridiculus=at&mus=velit&vivamus=vivamus&vestibulum=vel&sagittis=nulla&sapien=eget&cum=eros&sociis=elementum&natoque=pellentesque&penatibus=quisque&et=porta&magnis=volutpat&dis=erat&parturient=quisque&montes=erat&nascetur=eros&ridiculus=viverra&mus=eget&etiam=congue&vel=eget&augue=semper&vestibulum=rutrum&rutrum=nulla&rutrum=nunc&neque=purus&aenean=phasellus&auctor=in&gravida=felis&sem=donec&praesent=semper&id=sapien&massa=a&id=libero&nisl=nam&venenatis=dui&lacinia=proin&aenean=leo&sit=odio&amet=porttitor&justo=id&morbi=consequat&ut=in&odio=consequat&cras=ut&mi=nulla&pede=sed&malesuada=accumsan&in=felis&imperdiet=ut&et=at&commodo=dolor&vulputate=quis&justo=odio&in=consequat&blandit=varius&ultrices=integer&enim=ac&lorem=leo&ipsum=pellentesque&dolor=ultrices,2/3/2020
13,13,http://youtube.com/dui/vel/nisl/duis.jsp?id=vestibulum&mauris=ante&vulputate=ipsum&elementum=primis&nullam=in&varius=faucibus&nulla=orci&facilisi=luctus&cras=et&non=ultrices&velit=posuere&nec=cubilia&nisi=curae&vulputate=donec&nonummy=pharetra&maecenas=magna&tincidunt=vestibulum&lacus=aliquet&at=ultrices&velit=erat&vivamus=tortor&vel=sollicitudin&nulla=mi&eget=sit&eros=amet&elementum=lobortis&pellentesque=sapien&quisque=sapien&porta=non&volutpat=mi&erat=integer&quisque=ac&erat=neque,8/14/2022
14,14,https://hhs.gov/tincidunt/nulla/mollis/molestie.jpg?eu=magna&sapien=bibendum&cursus=imperdiet&vestibulum=nullam&proin=orci&eu=pede&mi=venenatis&nulla=non&ac=sodales&enim=sed&in=tincidunt&tempor=eu&turpis=felis&nec=fusce&euismod=posuere&scelerisque=felis&quam=sed&turpis=lacus&adipiscing=morbi&lorem=sem&vitae=mauris&mattis=laoreet&nibh=ut&ligula=rhoncus&nec=aliquet&sem=pulvinar&duis=sed&aliquam=nisl&convallis=nunc&nunc=rhoncus&proin=dui&at=vel&turpis=sem&a=sed&pede=sagittis&posuere=nam&nonummy=congue&integer=risus&non=semper&velit=porta&donec=volutpat&diam=quam&neque=pede&vestibulum=lobortis&eget=ligula&vulputate=sit&ut=amet&ultrices=eleifend&vel=pede&augue=libero&vestibulum=quis&ante=orci&ipsum=nullam&primis=molestie&in=nibh&faucibus=in&orci=lectus,11/30/2022
15,15,http://moonfruit.com/sit/amet/nunc/viverra/dapibus/nulla.json?nec=nisl&dui=duis&luctus=ac&rutrum=nibh&nulla=fusce&tellus=lacus&in=purus&sagittis=aliquet&dui=at&vel=feugiat&nisl=non&duis=pretium&ac=quis&nibh=lectus&fusce=suspendisse&lacus=potenti&purus=in&aliquet=eleifend&at=quam&feugiat=a,9/6/2020
16,16,http://virginia.edu/pede/venenatis/non/sodales/sed.png?aliquet=sed&massa=vel&id=enim&lobortis=sit&convallis=amet&tortor=nunc&risus=viverra&dapibus=dapibus&augue=nulla&vel=suscipit&accumsan=ligula&tellus=in&nisi=lacus&eu=curabitur&orci=at&mauris=ipsum&lacinia=ac&sapien=tellus&quis=semper&libero=interdum&nullam=mauris&sit=ullamcorper&amet=purus&turpis=sit&elementum=amet&ligula=nulla&vehicula=quisque,11/17/2020
17,17,http://examiner.com/at/nulla/suspendisse/potenti/cras.aspx?elit=phasellus&sodales=in&scelerisque=felis&mauris=donec&sit=semper&amet=sapien&eros=a&suspendisse=libero&accumsan=nam&tortor=dui&quis=proin&turpis=leo&sed=odio&ante=porttitor&vivamus=id&tortor=consequat&duis=in&mattis=consequat&egestas=ut&metus=nulla&aenean=sed&fermentum=accumsan&donec=felis&ut=ut&mauris=at&eget=dolor&massa=quis&tempor=odio&convallis=consequat&nulla=varius&neque=integer&libero=ac&convallis=leo&eget=pellentesque&eleifend=ultrices&luctus=mattis&ultricies=odio&eu=donec&nibh=vitae&quisque=nisi&id=nam&justo=ultrices&sit=libero&amet=non&sapien=mattis&dignissim=pulvinar&vestibulum=nulla&vestibulum=pede&ante=ullamcorper&ipsum=augue&primis=a&in=suscipit&faucibus=nulla&orci=elit&luctus=ac&et=nulla&ultrices=sed&posuere=vel&cubilia=enim&curae=sit&nulla=amet&dapibus=nunc&dolor=viverra&vel=dapibus&est=nulla&donec=suscipit&odio=ligula&justo=in&sollicitudin=lacus&ut=curabitur&suscipit=at&a=ipsum&feugiat=ac&et=tellus&eros=semper&vestibulum=interdum&ac=mauris&est=ullamcorper&lacinia=purus&nisi=sit&venenatis=amet&tristique=nulla&fusce=quisque&congue=arcu,4/1/2022
18,18,https://joomla.org/nam/tristique.xml?nullam=suspendisse&porttitor=potenti&lacus=nullam&at=porttitor&turpis=lacus&donec=at&posuere=turpis,8/29/2020
19,19,https://dagondesign.com/sapien.html?id=in&sapien=quis&in=justo&sapien=maecenas&iaculis=rhoncus&congue=aliquam&vivamus=lacus&metus=morbi&arcu=quis&adipiscing=tortor&molestie=id&hendrerit=nulla&at=ultrices&vulputate=aliquet&vitae=maecenas&nisl=leo&aenean=odio&lectus=condimentum&pellentesque=id&eget=luctus&nunc=nec&donec=molestie&quis=sed&orci=justo&eget=pellentesque&orci=viverra&vehicula=pede&condimentum=ac&curabitur=diam&in=cras&libero=pellentesque&ut=volutpat&massa=dui&volutpat=maecenas&convallis=tristique&morbi=est&odio=et&odio=tempus&elementum=semper&eu=est&interdum=quam&eu=pharetra&tincidunt=magna&in=ac&leo=consequat&maecenas=metus&pulvinar=sapien&lobortis=ut&est=nunc&phasellus=vestibulum&sit=ante&amet=ipsum&erat=primis&nulla=in&tempus=faucibus&vivamus=orci&in=luctus&felis=et&eu=ultrices&sapien=posuere&cursus=cubilia&vestibulum=curae&proin=mauris&eu=viverra&mi=diam&nulla=vitae&ac=quam&enim=suspendisse&in=potenti&tempor=nullam&turpis=porttitor&nec=lacus&euismod=at&scelerisque=turpis,2/7/2021
20,20,http://goo.ne.jp/velit/id/pretium.jpg?elementum=est&in=risus&hac=auctor&habitasse=sed&platea=tristique&dictumst=in&morbi=tempus&vestibulum=sit&velit=amet&id=sem&pretium=fusce&iaculis=consequat&diam=nulla&erat=nisl&fermentum=nunc&justo=nisl&nec=duis&condimentum=bibendum&neque=felis&sapien=sed&placerat=interdum&ante=venenatis&nulla=turpis&justo=enim&aliquam=blandit&quis=mi&turpis=in&eget=porttitor&elit=pede&sodales=justo&scelerisque=eu&mauris=massa&sit=donec&amet=dapibus&eros=duis&suspendisse=at&accumsan=velit&tortor=eu&quis=est&turpis=congue&sed=elementum&ante=in&vivamus=hac&tortor=habitasse&duis=platea&mattis=dictumst&egestas=morbi&metus=vestibulum&aenean=velit&fermentum=id&donec=pretium&ut=iaculis&mauris=diam&eget=erat&massa=fermentum&tempor=justo,7/2/2022
21,21,https://pinterest.com/at.png?at=donec&feugiat=ut&non=mauris&pretium=eget&quis=massa&lectus=tempor&suspendisse=convallis&potenti=nulla&in=neque&eleifend=libero&quam=convallis&a=eget&odio=eleifend&in=luctus&hac=ultricies&habitasse=eu,10/7/2021
22,22,http://ft.com/diam/id/ornare/imperdiet.json?posuere=mauris&metus=lacinia&vitae=sapien&ipsum=quis&aliquam=libero&non=nullam&mauris=sit&morbi=amet&non=turpis&lectus=elementum&aliquam=ligula&sit=vehicula&amet=consequat&diam=morbi&in=a&magna=ipsum&bibendum=integer&imperdiet=a&nullam=nibh&orci=in&pede=quis&venenatis=justo&non=maecenas&sodales=rhoncus&sed=aliquam&tincidunt=lacus&eu=morbi&felis=quis&fusce=tortor&posuere=id&felis=nulla&sed=ultrices&lacus=aliquet&morbi=maecenas&sem=leo&mauris=odio&laoreet=condimentum&ut=id&rhoncus=luctus&aliquet=nec&pulvinar=molestie&sed=sed&nisl=justo&nunc=pellentesque&rhoncus=viverra&dui=pede&vel=ac&sem=diam&sed=cras&sagittis=pellentesque&nam=volutpat&congue=dui&risus=maecenas&semper=tristique,8/8/2022
23,23,http://etsy.com/lectus/in/quam/fringilla/rhoncus/mauris/enim.json?aenean=volutpat&auctor=dui&gravida=maecenas&sem=tristique&praesent=est&id=et&massa=tempus&id=semper&nisl=est&venenatis=quam&lacinia=pharetra,12/29/2022
24,24,http://gravatar.com/sit.js?parturient=non&montes=mattis&nascetur=pulvinar&ridiculus=nulla&mus=pede&etiam=ullamcorper&vel=augue&augue=a&vestibulum=suscipit&rutrum=nulla&rutrum=elit&neque=ac&aenean=nulla&auctor=sed&gravida=vel&sem=enim&praesent=sit&id=amet&massa=nunc&id=viverra&nisl=dapibus&venenatis=nulla&lacinia=suscipit&aenean=ligula&sit=in&amet=lacus&justo=curabitur&morbi=at&ut=ipsum,3/27/2022
25,25,http://abc.net.au/proin/risus/praesent/lectus/vestibulum/quam.json?nullam=quis&porttitor=orci&lacus=eget&at=orci&turpis=vehicula&donec=condimentum&posuere=curabitur&metus=in&vitae=libero&ipsum=ut&aliquam=massa&non=volutpat&mauris=convallis&morbi=morbi&non=odio&lectus=odio&aliquam=elementum&sit=eu&amet=interdum&diam=eu&in=tincidunt&magna=in&bibendum=leo&imperdiet=maecenas&nullam=pulvinar&orci=lobortis&pede=est&venenatis=phasellus&non=sit&sodales=amet&sed=erat&tincidunt=nulla&eu=tempus&felis=vivamus&fusce=in&posuere=felis&felis=eu&sed=sapien&lacus=cursus&morbi=vestibulum&sem=proin&mauris=eu&laoreet=mi&ut=nulla&rhoncus=ac&aliquet=enim&pulvinar=in&sed=tempor&nisl=turpis&nunc=nec&rhoncus=euismod&dui=scelerisque&vel=quam,11/18/2021
26,26,https://w3.org/justo/sollicitudin/ut/suscipit/a.aspx?imperdiet=ligula&sapien=suspendisse&urna=ornare&pretium=consequat&nisl=lectus&ut=in&volutpat=est&sapien=risus&arcu=auctor&sed=sed&augue=tristique&aliquam=in&erat=tempus&volutpat=sit&in=amet&congue=sem&etiam=fusce&justo=consequat&etiam=nulla&pretium=nisl&iaculis=nunc&justo=nisl&in=duis&hac=bibendum&habitasse=felis&platea=sed&dictumst=interdum&etiam=venenatis&faucibus=turpis&cursus=enim&urna=blandit&ut=mi&tellus=in&nulla=porttitor&ut=pede&erat=justo&id=eu&mauris=massa&vulputate=donec&elementum=dapibus&nullam=duis&varius=at&nulla=velit&facilisi=eu&cras=est&non=congue&velit=elementum&nec=in&nisi=hac,8/23/2021
27,27,http://japanpost.jp/eu/tincidunt.aspx?nulla=elit&suspendisse=ac&potenti=nulla&cras=sed&in=vel&purus=enim&eu=sit&magna=amet&vulputate=nunc&luctus=viverra&cum=dapibus&sociis=nulla&natoque=suscipit&penatibus=ligula&et=in&magnis=lacus&dis=curabitur&parturient=at&montes=ipsum&nascetur=ac&ridiculus=tellus&mus=semper&vivamus=interdum&vestibulum=mauris&sagittis=ullamcorper&sapien=purus&cum=sit&sociis=amet&natoque=nulla,6/18/2022
28,28,https://weebly.com/sit/amet.jsp?faucibus=suspendisse&orci=potenti&luctus=cras&et=in&ultrices=purus&posuere=eu&cubilia=magna&curae=vulputate&duis=luctus&faucibus=cum&accumsan=sociis&odio=natoque&curabitur=penatibus&convallis=et&duis=magnis&consequat=dis&dui=parturient&nec=montes&nisi=nascetur&volutpat=ridiculus&eleifend=mus&donec=vivamus&ut=vestibulum&dolor=sagittis&morbi=sapien&vel=cum&lectus=sociis&in=natoque&quam=penatibus&fringilla=et&rhoncus=magnis&mauris=dis&enim=parturient&leo=montes&rhoncus=nascetur&sed=ridiculus&vestibulum=mus&sit=etiam&amet=vel&cursus=augue&id=vestibulum&turpis=rutrum&integer=rutrum&aliquet=neque&massa=aenean&id=auctor&lobortis=gravida&convallis=sem&tortor=praesent&risus=id&dapibus=massa&augue=id&vel=nisl&accumsan=venenatis&tellus=lacinia&nisi=aenean&eu=sit&orci=amet&mauris=justo&lacinia=morbi&sapien=ut&quis=odio&libero=cras&nullam=mi&sit=pede&amet=malesuada&turpis=in&elementum=imperdiet&ligula=et&vehicula=commodo&consequat=vulputate&morbi=justo&a=in&ipsum=blandit,6/27/2021
29,29,https://boston.com/nullam/molestie.jsp?a=vestibulum&ipsum=ante&integer=ipsum&a=primis&nibh=in&in=faucibus&quis=orci&justo=luctus&maecenas=et&rhoncus=ultrices&aliquam=posuere&lacus=cubilia&morbi=curae&quis=donec&tortor=pharetra&id=magna&nulla=vestibulum&ultrices=aliquet&aliquet=ultrices&maecenas=erat&leo=tortor&odio=sollicitudin&condimentum=mi&id=sit&luctus=amet&nec=lobortis&molestie=sapien&sed=sapien&justo=non&pellentesque=mi&viverra=integer&pede=ac&ac=neque&diam=duis&cras=bibendum&pellentesque=morbi&volutpat=non&dui=quam&maecenas=nec&tristique=dui&est=luctus&et=rutrum&tempus=nulla&semper=tellus&est=in&quam=sagittis&pharetra=dui&magna=vel&ac=nisl&consequat=duis&metus=ac&sapien=nibh&ut=fusce,6/3/2021
30,30,https://accuweather.com/turpis/a/pede/posuere/nonummy/integer.xml?nulla=orci&neque=mauris&libero=lacinia&convallis=sapien&eget=quis&eleifend=libero&luctus=nullam&ultricies=sit&eu=amet&nibh=turpis&quisque=elementum&id=ligula&justo=vehicula&sit=consequat&amet=morbi&sapien=a&dignissim=ipsum&vestibulum=integer&vestibulum=a&ante=nibh&ipsum=in&primis=quis&in=justo&faucibus=maecenas&orci=rhoncus&luctus=aliquam&et=lacus&ultrices=morbi&posuere=quis&cubilia=tortor&curae=id&nulla=nulla&dapibus=ultrices&dolor=aliquet,10/10/2020
31,31,https://blog.com/vestibulum.png?lobortis=habitasse&est=platea&phasellus=dictumst&sit=etiam&amet=faucibus&erat=cursus&nulla=urna&tempus=ut&vivamus=tellus&in=nulla&felis=ut&eu=erat&sapien=id&cursus=mauris&vestibulum=vulputate&proin=elementum&eu=nullam&mi=varius&nulla=nulla&ac=facilisi&enim=cras&in=non&tempor=velit&turpis=nec&nec=nisi&euismod=vulputate&scelerisque=nonummy&quam=maecenas&turpis=tincidunt&adipiscing=lacus&lorem=at&vitae=velit&mattis=vivamus&nibh=vel&ligula=nulla&nec=eget&sem=eros&duis=elementum&aliquam=pellentesque&convallis=quisque&nunc=porta&proin=volutpat&at=erat&turpis=quisque&a=erat&pede=eros,7/14/2020
32,32,https://barnesandnoble.com/lorem/vitae.jpg?vestibulum=curae&ante=duis&ipsum=faucibus&primis=accumsan&in=odio&faucibus=curabitur&orci=convallis&luctus=duis&et=consequat&ultrices=dui&posuere=nec&cubilia=nisi&curae=volutpat&nulla=eleifend&dapibus=donec&dolor=ut&vel=dolor&est=morbi&donec=vel,9/2/2020
33,33,https://ft.com/amet/nulla/quisque/arcu/libero/rutrum/ac.aspx?ridiculus=vulputate&mus=luctus&etiam=cum&vel=sociis&augue=natoque&vestibulum=penatibus&rutrum=et&rutrum=magnis&neque=dis&aenean=parturient&auctor=montes&gravida=nascetur&sem=ridiculus&praesent=mus&id=vivamus&massa=vestibulum&id=sagittis&nisl=sapien&venenatis=cum&lacinia=sociis&aenean=natoque&sit=penatibus&amet=et&justo=magnis&morbi=dis&ut=parturient&odio=montes&cras=nascetur&mi=ridiculus&pede=mus&malesuada=etiam&in=vel&imperdiet=augue&et=vestibulum&commodo=rutrum&vulputate=rutrum&justo=neque&in=aenean&blandit=auctor&ultrices=gravida&enim=sem&lorem=praesent&ipsum=id&dolor=massa&sit=id&amet=nisl&consectetuer=venenatis&adipiscing=lacinia&elit=aenean&proin=sit&interdum=amet&mauris=justo&non=morbi&ligula=ut&pellentesque=odio&ultrices=cras&phasellus=mi&id=pede&sapien=malesuada&in=in&sapien=imperdiet&iaculis=et&congue=commodo&vivamus=vulputate&metus=justo&arcu=in&adipiscing=blandit&molestie=ultrices&hendrerit=enim&at=lorem&vulputate=ipsum&vitae=dolor&nisl=sit&aenean=amet&lectus=consectetuer&pellentesque=adipiscing&eget=elit&nunc=proin&donec=interdum&quis=mauris&orci=non&eget=ligula&orci=pellentesque&vehicula=ultrices&condimentum=phasellus&curabitur=id&in=sapien&libero=in&ut=sapien&massa=iaculis&volutpat=congue&convallis=vivamus&morbi=metus,6/10/2021
34,34,http://miibeian.gov.cn/sit/amet/eleifend/pede.aspx?in=at&hac=turpis&habitasse=a&platea=pede&dictumst=posuere&etiam=nonummy&faucibus=integer&cursus=non&urna=velit&ut=donec&tellus=diam&nulla=neque&ut=vestibulum&erat=eget&id=vulputate&mauris=ut&vulputate=ultrices&elementum=vel&nullam=augue&varius=vestibulum&nulla=ante&facilisi=ipsum&cras=primis&non=in&velit=faucibus&nec=orci&nisi=luctus&vulputate=et&nonummy=ultrices&maecenas=posuere&tincidunt=cubilia&lacus=curae&at=donec&velit=pharetra&vivamus=magna&vel=vestibulum&nulla=aliquet&eget=ultrices&eros=erat&elementum=tortor&pellentesque=sollicitudin&quisque=mi&porta=sit&volutpat=amet&erat=lobortis&quisque=sapien&erat=sapien&eros=non&viverra=mi&eget=integer&congue=ac&eget=neque&semper=duis&rutrum=bibendum&nulla=morbi&nunc=non&purus=quam&phasellus=nec&in=dui&felis=luctus&donec=rutrum,4/1/2020
35,35,http://github.com/sapien/cum/sociis/natoque/penatibus.js?ut=diam&mauris=vitae&eget=quam&massa=suspendisse&tempor=potenti&convallis=nullam&nulla=porttitor&neque=lacus&libero=at&convallis=turpis&eget=donec&eleifend=posuere&luctus=metus&ultricies=vitae&eu=ipsum&nibh=aliquam&quisque=non&id=mauris&justo=morbi&sit=non&amet=lectus&sapien=aliquam&dignissim=sit&vestibulum=amet&vestibulum=diam&ante=in&ipsum=magna&primis=bibendum&in=imperdiet&faucibus=nullam&orci=orci&luctus=pede&et=venenatis&ultrices=non&posuere=sodales&cubilia=sed&curae=tincidunt&nulla=eu&dapibus=felis&dolor=fusce&vel=posuere&est=felis&donec=sed&odio=lacus&justo=morbi&sollicitudin=sem&ut=mauris&suscipit=laoreet&a=ut&feugiat=rhoncus&et=aliquet,9/13/2020
36,36,http://symantec.com/pellentesque/quisque/porta/volutpat.png?condimentum=odio&id=donec&luctus=vitae&nec=nisi&molestie=nam&sed=ultrices&justo=libero&pellentesque=non&viverra=mattis&pede=pulvinar&ac=nulla&diam=pede&cras=ullamcorper&pellentesque=augue&volutpat=a&dui=suscipit&maecenas=nulla&tristique=elit&est=ac&et=nulla&tempus=sed&semper=vel&est=enim&quam=sit&pharetra=amet&magna=nunc&ac=viverra&consequat=dapibus&metus=nulla&sapien=suscipit&ut=ligula&nunc=in&vestibulum=lacus&ante=curabitur&ipsum=at&primis=ipsum,5/8/2022
37,37,https://clickbank.net/commodo.aspx?morbi=feugiat&vel=non&lectus=pretium&in=quis&quam=lectus&fringilla=suspendisse&rhoncus=potenti&mauris=in&enim=eleifend&leo=quam&rhoncus=a&sed=odio&vestibulum=in&sit=hac&amet=habitasse&cursus=platea&id=dictumst&turpis=maecenas&integer=ut&aliquet=massa&massa=quis&id=augue&lobortis=luctus&convallis=tincidunt&tortor=nulla&risus=mollis&dapibus=molestie&augue=lorem&vel=quisque&accumsan=ut&tellus=erat&nisi=curabitur&eu=gravida&orci=nisi&mauris=at&lacinia=nibh&sapien=in&quis=hac&libero=habitasse&nullam=platea&sit=dictumst&amet=aliquam&turpis=augue&elementum=quam&ligula=sollicitudin&vehicula=vitae&consequat=consectetuer&morbi=eget&a=rutrum&ipsum=at&integer=lorem&a=integer&nibh=tincidunt&in=ante&quis=vel&justo=ipsum&maecenas=praesent&rhoncus=blandit&aliquam=lacinia&lacus=erat&morbi=vestibulum&quis=sed,11/29/2021
38,38,https://lycos.com/vitae/nisl/aenean/lectus/pellentesque.jpg?nec=neque&euismod=duis&scelerisque=bibendum&quam=morbi&turpis=non&adipiscing=quam&lorem=nec&vitae=dui&mattis=luctus&nibh=rutrum&ligula=nulla&nec=tellus&sem=in&duis=sagittis&aliquam=dui&convallis=vel&nunc=nisl&proin=duis&at=ac&turpis=nibh&a=fusce&pede=lacus&posuere=purus&nonummy=aliquet&integer=at&non=feugiat&velit=non&donec=pretium&diam=quis&neque=lectus&vestibulum=suspendisse&eget=potenti&vulputate=in&ut=eleifend&ultrices=quam&vel=a&augue=odio&vestibulum=in&ante=hac&ipsum=habitasse&primis=platea&in=dictumst&faucibus=maecenas&orci=ut&luctus=massa&et=quis&ultrices=augue&posuere=luctus&cubilia=tincidunt&curae=nulla&donec=mollis&pharetra=molestie&magna=lorem&vestibulum=quisque&aliquet=ut&ultrices=erat&erat=curabitur&tortor=gravida&sollicitudin=nisi&mi=at&sit=nibh&amet=in&lobortis=hac&sapien=habitasse&sapien=platea&non=dictumst&mi=aliquam&integer=augue&ac=quam&neque=sollicitudin&duis=vitae&bibendum=consectetuer&morbi=eget&non=rutrum&quam=at&nec=lorem&dui=integer&luctus=tincidunt&rutrum=ante&nulla=vel&tellus=ipsum&in=praesent,11/14/2020
39,39,https://joomla.org/cras/non/velit/nec/nisi/vulputate/nonummy.js?convallis=magna&nunc=at&proin=nunc&at=commodo&turpis=placerat&a=praesent&pede=blandit&posuere=nam&nonummy=nulla&integer=integer&non=pede&velit=justo&donec=lacinia,12/6/2022
40,40,https://nbcnews.com/erat.js?morbi=justo&ut=morbi&odio=ut&cras=odio&mi=cras&pede=mi&malesuada=pede&in=malesuada&imperdiet=in&et=imperdiet&commodo=et&vulputate=commodo&justo=vulputate&in=justo&blandit=in&ultrices=blandit&enim=ultrices&lorem=enim&ipsum=lorem&dolor=ipsum&sit=dolor&amet=sit&consectetuer=amet&adipiscing=consectetuer&elit=adipiscing&proin=elit&interdum=proin&mauris=interdum&non=mauris&ligula=non&pellentesque=ligula&ultrices=pellentesque&phasellus=ultrices&id=phasellus&sapien=id&in=sapien&sapien=in&iaculis=sapien&congue=iaculis&vivamus=congue&metus=vivamus&arcu=metus&adipiscing=arcu&molestie=adipiscing&hendrerit=molestie&at=hendrerit&vulputate=at&vitae=vulputate&nisl=vitae&aenean=nisl&lectus=aenean&pellentesque=lectus&eget=pellentesque&nunc=eget,12/19/2021
41,41,http://vistaprint.com/est/risus/auctor/sed/tristique/in/tempus.json?sapien=tempus&urna=vivamus&pretium=in&nisl=felis&ut=eu&volutpat=sapien&sapien=cursus&arcu=vestibulum&sed=proin&augue=eu&aliquam=mi&erat=nulla&volutpat=ac&in=enim&congue=in&etiam=tempor&justo=turpis&etiam=nec&pretium=euismod&iaculis=scelerisque&justo=quam&in=turpis&hac=adipiscing&habitasse=lorem&platea=vitae&dictumst=mattis&etiam=nibh&faucibus=ligula&cursus=nec&urna=sem&ut=duis&tellus=aliquam&nulla=convallis&ut=nunc&erat=proin&id=at&mauris=turpis&vulputate=a&elementum=pede&nullam=posuere&varius=nonummy&nulla=integer&facilisi=non&cras=velit&non=donec&velit=diam&nec=neque&nisi=vestibulum&vulputate=eget&nonummy=vulputate&maecenas=ut&tincidunt=ultrices&lacus=vel&at=augue,12/16/2020
42,42,http://ox.ac.uk/tincidunt/eget/tempus.json?nam=imperdiet&congue=sapien&risus=urna&semper=pretium&porta=nisl&volutpat=ut&quam=volutpat&pede=sapien&lobortis=arcu&ligula=sed&sit=augue&amet=aliquam&eleifend=erat&pede=volutpat&libero=in&quis=congue&orci=etiam&nullam=justo,2/11/2021
43,43,http://cargocollective.com/tortor/sollicitudin/mi/sit.png?augue=erat&quam=vestibulum&sollicitudin=sed&vitae=magna&consectetuer=at&eget=nunc&rutrum=commodo&at=placerat&lorem=praesent&integer=blandit&tincidunt=nam&ante=nulla&vel=integer&ipsum=pede&praesent=justo&blandit=lacinia&lacinia=eget&erat=tincidunt&vestibulum=eget&sed=tempus&magna=vel&at=pede&nunc=morbi&commodo=porttitor&placerat=lorem&praesent=id&blandit=ligula&nam=suspendisse&nulla=ornare&integer=consequat&pede=lectus&justo=in&lacinia=est&eget=risus&tincidunt=auctor&eget=sed&tempus=tristique&vel=in&pede=tempus&morbi=sit&porttitor=amet&lorem=sem&id=fusce&ligula=consequat&suspendisse=nulla&ornare=nisl&consequat=nunc&lectus=nisl&in=duis&est=bibendum&risus=felis&auctor=sed&sed=interdum&tristique=venenatis&in=turpis&tempus=enim&sit=blandit&amet=mi&sem=in&fusce=porttitor&consequat=pede&nulla=justo&nisl=eu&nunc=massa&nisl=donec&duis=dapibus&bibendum=duis&felis=at&sed=velit&interdum=eu&venenatis=est&turpis=congue&enim=elementum&blandit=in&mi=hac&in=habitasse&porttitor=platea&pede=dictumst&justo=morbi&eu=vestibulum&massa=velit&donec=id&dapibus=pretium&duis=iaculis&at=diam&velit=erat&eu=fermentum&est=justo&congue=nec&elementum=condimentum&in=neque&hac=sapien&habitasse=placerat&platea=ante&dictumst=nulla&morbi=justo,8/25/2020
44,44,http://miibeian.gov.cn/aliquet/ultrices/erat/tortor/sollicitudin.jsp?ligula=vestibulum&pellentesque=ac&ultrices=est&phasellus=lacinia&id=nisi&sapien=venenatis&in=tristique&sapien=fusce&iaculis=congue&congue=diam&vivamus=id&metus=ornare&arcu=imperdiet&adipiscing=sapien&molestie=urna&hendrerit=pretium&at=nisl&vulputate=ut&vitae=volutpat&nisl=sapien&aenean=arcu&lectus=sed&pellentesque=augue&eget=aliquam&nunc=erat&donec=volutpat&quis=in&orci=congue&eget=etiam&orci=justo&vehicula=etiam&condimentum=pretium&curabitur=iaculis&in=justo&libero=in&ut=hac&massa=habitasse&volutpat=platea&convallis=dictumst&morbi=etiam&odio=faucibus&odio=cursus&elementum=urna&eu=ut&interdum=tellus&eu=nulla&tincidunt=ut&in=erat&leo=id&maecenas=mauris&pulvinar=vulputate&lobortis=elementum&est=nullam&phasellus=varius&sit=nulla&amet=facilisi&erat=cras&nulla=non&tempus=velit&vivamus=nec&in=nisi&felis=vulputate&eu=nonummy&sapien=maecenas&cursus=tincidunt&vestibulum=lacus&proin=at&eu=velit&mi=vivamus&nulla=vel,8/4/2021
45,45,http://ibm.com/quis/justo/maecenas/rhoncus/aliquam.xml?ipsum=scelerisque&primis=quam&in=turpis&faucibus=adipiscing&orci=lorem&luctus=vitae&et=mattis&ultrices=nibh&posuere=ligula&cubilia=nec&curae=sem&mauris=duis&viverra=aliquam&diam=convallis&vitae=nunc&quam=proin&suspendisse=at&potenti=turpis&nullam=a&porttitor=pede&lacus=posuere&at=nonummy&turpis=integer&donec=non&posuere=velit&metus=donec&vitae=diam&ipsum=neque&aliquam=vestibulum&non=eget&mauris=vulputate&morbi=ut&non=ultrices&lectus=vel&aliquam=augue&sit=vestibulum&amet=ante&diam=ipsum&in=primis&magna=in&bibendum=faucibus&imperdiet=orci&nullam=luctus&orci=et&pede=ultrices&venenatis=posuere&non=cubilia&sodales=curae&sed=donec&tincidunt=pharetra&eu=magna&felis=vestibulum&fusce=aliquet&posuere=ultrices&felis=erat&sed=tortor&lacus=sollicitudin&morbi=mi&sem=sit&mauris=amet&laoreet=lobortis&ut=sapien&rhoncus=sapien&aliquet=non&pulvinar=mi&sed=integer&nisl=ac&nunc=neque&rhoncus=duis&dui=bibendum&vel=morbi&sem=non&sed=quam&sagittis=nec&nam=dui&congue=luctus&risus=rutrum&semper=nulla&porta=tellus&volutpat=in&quam=sagittis&pede=dui&lobortis=vel&ligula=nisl&sit=duis&amet=ac&eleifend=nibh&pede=fusce&libero=lacus&quis=purus&orci=aliquet&nullam=at&molestie=feugiat&nibh=non,6/26/2021
46,46,https://geocities.jp/tristique/fusce.js?nisi=orci&vulputate=vehicula&nonummy=condimentum&maecenas=curabitur&tincidunt=in&lacus=libero&at=ut&velit=massa&vivamus=volutpat&vel=convallis&nulla=morbi&eget=odio&eros=odio&elementum=elementum&pellentesque=eu&quisque=interdum&porta=eu&volutpat=tincidunt&erat=in&quisque=leo&erat=maecenas&eros=pulvinar&viverra=lobortis,2/21/2022
47,47,http://phoca.cz/odio.js?nam=odio&nulla=consequat&integer=varius&pede=integer&justo=ac&lacinia=leo&eget=pellentesque&tincidunt=ultrices&eget=mattis&tempus=odio&vel=donec&pede=vitae&morbi=nisi&porttitor=nam&lorem=ultrices&id=libero&ligula=non&suspendisse=mattis&ornare=pulvinar&consequat=nulla&lectus=pede&in=ullamcorper&est=augue&risus=a&auctor=suscipit&sed=nulla&tristique=elit&in=ac&tempus=nulla&sit=sed&amet=vel&sem=enim&fusce=sit&consequat=amet&nulla=nunc&nisl=viverra&nunc=dapibus&nisl=nulla&duis=suscipit&bibendum=ligula&felis=in&sed=lacus&interdum=curabitur&venenatis=at,10/23/2021
48,48,http://blogspot.com/ut/volutpat.png?eget=integer&eros=pede&elementum=justo,7/10/2021
49,49,https://mtv.com/vel/ipsum/praesent/blandit.jsp?nibh=curae&fusce=nulla&lacus=dapibus&purus=dolor&aliquet=vel&at=est&feugiat=donec&non=odio&pretium=justo&quis=sollicitudin&lectus=ut&suspendisse=suscipit&potenti=a&in=feugiat&eleifend=et&quam=eros&a=vestibulum&odio=ac&in=est&hac=lacinia&habitasse=nisi&platea=venenatis,5/9/2021
50,50,https://samsung.com/quam.js?convallis=gravida&tortor=nisi&risus=at&dapibus=nibh&augue=in&vel=hac&accumsan=habitasse&tellus=platea&nisi=dictumst&eu=aliquam&orci=augue&mauris=quam&lacinia=sollicitudin&sapien=vitae&quis=consectetuer&libero=eget&nullam=rutrum&sit=at&amet=lorem&turpis=integer&elementum=tincidunt&ligula=ante&vehicula=vel&consequat=ipsum&morbi=praesent&a=blandit&ipsum=lacinia&integer=erat&a=vestibulum&nibh=sed&in=magna&quis=at&justo=nunc&maecenas=commodo&rhoncus=placerat&aliquam=praesent&lacus=blandit&morbi=nam&quis=nulla&tortor=integer&id=pede&nulla=justo&ultrices=lacinia&aliquet=eget&maecenas=tincidunt&leo=eget&odio=tempus&condimentum=vel&id=pede&luctus=morbi&nec=porttitor&molestie=lorem&sed=id&justo=ligula&pellentesque=suspendisse&viverra=ornare&pede=consequat&ac=lectus&diam=in&cras=est&pellentesque=risus&volutpat=auctor&dui=sed&maecenas=tristique&tristique=in&est=tempus&et=sit&tempus=amet&semper=sem&est=fusce&quam=consequat&pharetra=nulla&magna=nisl&ac=nunc&consequat=nisl&metus=duis&sapien=bibendum&ut=felis&nunc=sed,9/1/2021
51,51,https://europa.eu/ultrices/libero/non.jsp?faucibus=nulla&orci=dapibus&luctus=dolor&et=vel&ultrices=est&posuere=donec&cubilia=odio&curae=justo&donec=sollicitudin&pharetra=ut&magna=suscipit&vestibulum=a&aliquet=feugiat,11/29/2021
52,52,https://gizmodo.com/nunc/nisl.jpg?eget=nisl&semper=nunc&rutrum=nisl&nulla=duis&nunc=bibendum&purus=felis&phasellus=sed&in=interdum&felis=venenatis&donec=turpis&semper=enim&sapien=blandit&a=mi&libero=in&nam=porttitor&dui=pede&proin=justo&leo=eu&odio=massa&porttitor=donec&id=dapibus&consequat=duis&in=at&consequat=velit&ut=eu&nulla=est&sed=congue&accumsan=elementum&felis=in&ut=hac&at=habitasse&dolor=platea&quis=dictumst&odio=morbi&consequat=vestibulum&varius=velit&integer=id&ac=pretium&leo=iaculis&pellentesque=diam&ultrices=erat&mattis=fermentum&odio=justo&donec=nec&vitae=condimentum&nisi=neque&nam=sapien&ultrices=placerat&libero=ante&non=nulla&mattis=justo&pulvinar=aliquam&nulla=quis&pede=turpis&ullamcorper=eget&augue=elit&a=sodales&suscipit=scelerisque&nulla=mauris&elit=sit&ac=amet&nulla=eros&sed=suspendisse&vel=accumsan&enim=tortor&sit=quis&amet=turpis&nunc=sed&viverra=ante&dapibus=vivamus&nulla=tortor&suscipit=duis&ligula=mattis&in=egestas&lacus=metus&curabitur=aenean&at=fermentum&ipsum=donec&ac=ut&tellus=mauris&semper=eget&interdum=massa&mauris=tempor&ullamcorper=convallis,6/21/2022
53,53,http://shinystat.com/at.xml?ornare=magna&imperdiet=at&sapien=nunc&urna=commodo&pretium=placerat&nisl=praesent&ut=blandit&volutpat=nam&sapien=nulla&arcu=integer&sed=pede&augue=justo&aliquam=lacinia&erat=eget&volutpat=tincidunt&in=eget&congue=tempus&etiam=vel&justo=pede&etiam=morbi&pretium=porttitor&iaculis=lorem&justo=id&in=ligula&hac=suspendisse&habitasse=ornare&platea=consequat&dictumst=lectus&etiam=in&faucibus=est&cursus=risus&urna=auctor&ut=sed&tellus=tristique&nulla=in&ut=tempus&erat=sit&id=amet&mauris=sem&vulputate=fusce&elementum=consequat&nullam=nulla&varius=nisl&nulla=nunc&facilisi=nisl&cras=duis&non=bibendum&velit=felis&nec=sed&nisi=interdum,10/18/2020
54,54,https://so-net.ne.jp/mauris/non/ligula.png?est=augue&lacinia=quam&nisi=sollicitudin&venenatis=vitae&tristique=consectetuer&fusce=eget&congue=rutrum&diam=at&id=lorem&ornare=integer&imperdiet=tincidunt&sapien=ante&urna=vel&pretium=ipsum&nisl=praesent&ut=blandit&volutpat=lacinia&sapien=erat&arcu=vestibulum&sed=sed&augue=magna&aliquam=at&erat=nunc&volutpat=commodo&in=placerat&congue=praesent&etiam=blandit&justo=nam&etiam=nulla&pretium=integer&iaculis=pede&justo=justo&in=lacinia&hac=eget&habitasse=tincidunt&platea=eget&dictumst=tempus&etiam=vel&faucibus=pede&cursus=morbi&urna=porttitor&ut=lorem&tellus=id&nulla=ligula&ut=suspendisse&erat=ornare&id=consequat&mauris=lectus&vulputate=in&elementum=est&nullam=risus&varius=auctor&nulla=sed&facilisi=tristique&cras=in&non=tempus&velit=sit&nec=amet&nisi=sem&vulputate=fusce&nonummy=consequat&maecenas=nulla&tincidunt=nisl&lacus=nunc&at=nisl&velit=duis&vivamus=bibendum&vel=felis&nulla=sed&eget=interdum&eros=venenatis&elementum=turpis&pellentesque=enim&quisque=blandit&porta=mi&volutpat=in&erat=porttitor&quisque=pede&erat=justo&eros=eu&viverra=massa&eget=donec,9/14/2021
55,55,http://google.cn/diam/vitae/quam/suspendisse/potenti/nullam.html?aliquet=sociis&at=natoque&feugiat=penatibus&non=et&pretium=magnis&quis=dis&lectus=parturient&suspendisse=montes&potenti=nascetur&in=ridiculus&eleifend=mus&quam=vivamus&a=vestibulum&odio=sagittis&in=sapien&hac=cum&habitasse=sociis&platea=natoque&dictumst=penatibus&maecenas=et&ut=magnis&massa=dis&quis=parturient&augue=montes&luctus=nascetur&tincidunt=ridiculus&nulla=mus&mollis=etiam,4/25/2020
56,56,http://macromedia.com/ante/vivamus.jsp?lorem=sit&id=amet&ligula=diam&suspendisse=in&ornare=magna&consequat=bibendum&lectus=imperdiet&in=nullam&est=orci&risus=pede&auctor=venenatis&sed=non&tristique=sodales&in=sed&tempus=tincidunt&sit=eu&amet=felis&sem=fusce&fusce=posuere&consequat=felis&nulla=sed&nisl=lacus&nunc=morbi&nisl=sem&duis=mauris&bibendum=laoreet&felis=ut&sed=rhoncus&interdum=aliquet&venenatis=pulvinar&turpis=sed&enim=nisl&blandit=nunc&mi=rhoncus&in=dui&porttitor=vel&pede=sem&justo=sed&eu=sagittis&massa=nam&donec=congue,5/9/2020
57,57,https://mac.com/nam/dui/proin.jsp?nam=amet&dui=diam&proin=in&leo=magna&odio=bibendum&porttitor=imperdiet&id=nullam&consequat=orci&in=pede&consequat=venenatis&ut=non&nulla=sodales&sed=sed&accumsan=tincidunt&felis=eu&ut=felis&at=fusce&dolor=posuere&quis=felis&odio=sed&consequat=lacus&varius=morbi&integer=sem&ac=mauris&leo=laoreet&pellentesque=ut&ultrices=rhoncus&mattis=aliquet&odio=pulvinar&donec=sed&vitae=nisl&nisi=nunc&nam=rhoncus&ultrices=dui&libero=vel&non=sem&mattis=sed&pulvinar=sagittis&nulla=nam&pede=congue&ullamcorper=risus&augue=semper&a=porta&suscipit=volutpat&nulla=quam&elit=pede&ac=lobortis,3/7/2020
58,58,https://virginia.edu/odio/elementum/eu/interdum/eu/tincidunt/in.html?ultrices=blandit&aliquet=non&maecenas=interdum&leo=in&odio=ante&condimentum=vestibulum&id=ante&luctus=ipsum&nec=primis&molestie=in&sed=faucibus&justo=orci&pellentesque=luctus&viverra=et&pede=ultrices&ac=posuere&diam=cubilia&cras=curae&pellentesque=duis&volutpat=faucibus&dui=accumsan&maecenas=odio&tristique=curabitur&est=convallis&et=duis&tempus=consequat&semper=dui&est=nec&quam=nisi&pharetra=volutpat&magna=eleifend&ac=donec&consequat=ut&metus=dolor&sapien=morbi&ut=vel&nunc=lectus&vestibulum=in&ante=quam&ipsum=fringilla&primis=rhoncus&in=mauris&faucibus=enim&orci=leo&luctus=rhoncus&et=sed&ultrices=vestibulum&posuere=sit&cubilia=amet&curae=cursus&mauris=id&viverra=turpis&diam=integer&vitae=aliquet&quam=massa&suspendisse=id&potenti=lobortis&nullam=convallis&porttitor=tortor&lacus=risus&at=dapibus&turpis=augue&donec=vel&posuere=accumsan&metus=tellus&vitae=nisi&ipsum=eu&aliquam=orci&non=mauris&mauris=lacinia&morbi=sapien&non=quis&lectus=libero&aliquam=nullam&sit=sit&amet=amet&diam=turpis&in=elementum&magna=ligula&bibendum=vehicula&imperdiet=consequat&nullam=morbi&orci=a&pede=ipsum&venenatis=integer&non=a&sodales=nibh&sed=in&tincidunt=quis&eu=justo&felis=maecenas&fusce=rhoncus&posuere=aliquam&felis=lacus&sed=morbi,1/24/2020
59,59,http://amazonaws.com/donec/quis.xml?sapien=maecenas&dignissim=rhoncus&vestibulum=aliquam&vestibulum=lacus&ante=morbi&ipsum=quis&primis=tortor&in=id&faucibus=nulla&orci=ultrices&luctus=aliquet&et=maecenas&ultrices=leo&posuere=odio&cubilia=condimentum&curae=id&nulla=luctus&dapibus=nec&dolor=molestie&vel=sed,3/10/2020
60,60,https://about.com/at/nulla/suspendisse/potenti/cras/in/purus.html?proin=praesent&at=blandit&turpis=nam&a=nulla&pede=integer&posuere=pede&nonummy=justo&integer=lacinia&non=eget&velit=tincidunt&donec=eget&diam=tempus&neque=vel&vestibulum=pede&eget=morbi&vulputate=porttitor&ut=lorem&ultrices=id&vel=ligula&augue=suspendisse&vestibulum=ornare&ante=consequat&ipsum=lectus&primis=in&in=est&faucibus=risus&orci=auctor&luctus=sed&et=tristique&ultrices=in&posuere=tempus&cubilia=sit&curae=amet&donec=sem&pharetra=fusce&magna=consequat&vestibulum=nulla&aliquet=nisl&ultrices=nunc&erat=nisl&tortor=duis&sollicitudin=bibendum&mi=felis&sit=sed&amet=interdum&lobortis=venenatis&sapien=turpis&sapien=enim&non=blandit&mi=mi&integer=in&ac=porttitor&neque=pede&duis=justo&bibendum=eu&morbi=massa&non=donec&quam=dapibus&nec=duis&dui=at&luctus=velit&rutrum=eu&nulla=est&tellus=congue&in=elementum&sagittis=in&dui=hac&vel=habitasse&nisl=platea&duis=dictumst&ac=morbi&nibh=vestibulum&fusce=velit&lacus=id&purus=pretium&aliquet=iaculis&at=diam&feugiat=erat&non=fermentum&pretium=justo&quis=nec&lectus=condimentum&suspendisse=neque&potenti=sapien&in=placerat,5/10/2022
61,61,https://psu.edu/id.xml?consequat=quis&morbi=lectus&a=suspendisse&ipsum=potenti&integer=in&a=eleifend&nibh=quam&in=a&quis=odio&justo=in&maecenas=hac&rhoncus=habitasse&aliquam=platea&lacus=dictumst&morbi=maecenas&quis=ut&tortor=massa&id=quis&nulla=augue&ultrices=luctus&aliquet=tincidunt&maecenas=nulla&leo=mollis&odio=molestie&condimentum=lorem&id=quisque&luctus=ut&nec=erat&molestie=curabitur&sed=gravida&justo=nisi&pellentesque=at&viverra=nibh&pede=in&ac=hac&diam=habitasse&cras=platea&pellentesque=dictumst&volutpat=aliquam&dui=augue,9/2/2020
62,62,https://behance.net/eu.html?hac=primis&habitasse=in&platea=faucibus&dictumst=orci&aliquam=luctus&augue=et&quam=ultrices&sollicitudin=posuere&vitae=cubilia&consectetuer=curae&eget=nulla&rutrum=dapibus&at=dolor&lorem=vel&integer=est&tincidunt=donec&ante=odio&vel=justo&ipsum=sollicitudin&praesent=ut&blandit=suscipit&lacinia=a&erat=feugiat&vestibulum=et&sed=eros&magna=vestibulum&at=ac&nunc=est&commodo=lacinia&placerat=nisi&praesent=venenatis&blandit=tristique&nam=fusce&nulla=congue&integer=diam&pede=id&justo=ornare&lacinia=imperdiet&eget=sapien&tincidunt=urna&eget=pretium&tempus=nisl&vel=ut&pede=volutpat&morbi=sapien&porttitor=arcu&lorem=sed&id=augue&ligula=aliquam&suspendisse=erat&ornare=volutpat&consequat=in&lectus=congue&in=etiam&est=justo&risus=etiam&auctor=pretium&sed=iaculis&tristique=justo&in=in&tempus=hac,6/8/2022
63,63,http://amazonaws.com/duis/ac/nibh/fusce/lacus.xml?mattis=odio&nibh=justo&ligula=sollicitudin&nec=ut&sem=suscipit&duis=a&aliquam=feugiat&convallis=et&nunc=eros&proin=vestibulum&at=ac&turpis=est&a=lacinia&pede=nisi&posuere=venenatis&nonummy=tristique&integer=fusce&non=congue&velit=diam&donec=id&diam=ornare&neque=imperdiet&vestibulum=sapien&eget=urna&vulputate=pretium&ut=nisl&ultrices=ut&vel=volutpat&augue=sapien&vestibulum=arcu&ante=sed&ipsum=augue&primis=aliquam&in=erat&faucibus=volutpat&orci=in&luctus=congue&et=etiam&ultrices=justo&posuere=etiam&cubilia=pretium&curae=iaculis&donec=justo&pharetra=in&magna=hac&vestibulum=habitasse&aliquet=platea&ultrices=dictumst&erat=etiam&tortor=faucibus&sollicitudin=cursus&mi=urna&sit=ut,11/10/2020
64,64,http://parallels.com/pulvinar/lobortis/est/phasellus/sit/amet/erat.html?rutrum=nibh&at=in&lorem=lectus&integer=pellentesque&tincidunt=at&ante=nulla&vel=suspendisse&ipsum=potenti&praesent=cras&blandit=in&lacinia=purus&erat=eu&vestibulum=magna&sed=vulputate&magna=luctus&at=cum&nunc=sociis&commodo=natoque&placerat=penatibus&praesent=et&blandit=magnis&nam=dis&nulla=parturient&integer=montes&pede=nascetur&justo=ridiculus&lacinia=mus&eget=vivamus&tincidunt=vestibulum&eget=sagittis&tempus=sapien&vel=cum&pede=sociis&morbi=natoque&porttitor=penatibus&lorem=et&id=magnis&ligula=dis&suspendisse=parturient&ornare=montes&consequat=nascetur&lectus=ridiculus&in=mus&est=etiam&risus=vel&auctor=augue&sed=vestibulum&tristique=rutrum&in=rutrum&tempus=neque&sit=aenean&amet=auctor&sem=gravida&fusce=sem&consequat=praesent&nulla=id&nisl=massa&nunc=id&nisl=nisl&duis=venenatis&bibendum=lacinia&felis=aenean&sed=sit&interdum=amet&venenatis=justo&turpis=morbi&enim=ut&blandit=odio&mi=cras&in=mi&porttitor=pede&pede=malesuada&justo=in&eu=imperdiet&massa=et&donec=commodo&dapibus=vulputate&duis=justo&at=in&velit=blandit&eu=ultrices&est=enim&congue=lorem&elementum=ipsum&in=dolor&hac=sit&habitasse=amet&platea=consectetuer&dictumst=adipiscing&morbi=elit&vestibulum=proin&velit=interdum,10/5/2022
65,65,http://miibeian.gov.cn/sit/amet/turpis/elementum/ligula/vehicula/consequat.aspx?quisque=ante&id=vestibulum&justo=ante&sit=ipsum&amet=primis&sapien=in&dignissim=faucibus&vestibulum=orci&vestibulum=luctus&ante=et&ipsum=ultrices&primis=posuere&in=cubilia&faucibus=curae&orci=duis&luctus=faucibus&et=accumsan&ultrices=odio&posuere=curabitur&cubilia=convallis&curae=duis&nulla=consequat&dapibus=dui&dolor=nec&vel=nisi&est=volutpat&donec=eleifend&odio=donec&justo=ut&sollicitudin=dolor&ut=morbi&suscipit=vel&a=lectus&feugiat=in&et=quam&eros=fringilla&vestibulum=rhoncus&ac=mauris&est=enim&lacinia=leo&nisi=rhoncus&venenatis=sed&tristique=vestibulum&fusce=sit&congue=amet&diam=cursus&id=id&ornare=turpis&imperdiet=integer&sapien=aliquet&urna=massa&pretium=id&nisl=lobortis&ut=convallis&volutpat=tortor&sapien=risus&arcu=dapibus&sed=augue&augue=vel&aliquam=accumsan&erat=tellus&volutpat=nisi&in=eu&congue=orci&etiam=mauris&justo=lacinia&etiam=sapien&pretium=quis&iaculis=libero&justo=nullam&in=sit&hac=amet&habitasse=turpis&platea=elementum&dictumst=ligula&etiam=vehicula&faucibus=consequat&cursus=morbi&urna=a&ut=ipsum&tellus=integer&nulla=a&ut=nibh&erat=in&id=quis&mauris=justo&vulputate=maecenas&elementum=rhoncus&nullam=aliquam&varius=lacus&nulla=morbi&facilisi=quis&cras=tortor&non=id&velit=nulla&nec=ultrices&nisi=aliquet,8/10/2022
66,66,https://tinypic.com/turpis.json?quisque=dui&porta=vel&volutpat=nisl&erat=duis&quisque=ac&erat=nibh&eros=fusce&viverra=lacus&eget=purus&congue=aliquet&eget=at&semper=feugiat&rutrum=non&nulla=pretium&nunc=quis&purus=lectus&phasellus=suspendisse&in=potenti&felis=in&donec=eleifend&semper=quam&sapien=a&a=odio&libero=in&nam=hac&dui=habitasse&proin=platea&leo=dictumst&odio=maecenas&porttitor=ut&id=massa&consequat=quis&in=augue&consequat=luctus&ut=tincidunt&nulla=nulla&sed=mollis&accumsan=molestie&felis=lorem,8/23/2022
67,67,http://time.com/aenean/lectus.aspx?sed=sapien&augue=varius&aliquam=ut&erat=blandit&volutpat=non&in=interdum&congue=in&etiam=ante&justo=vestibulum&etiam=ante&pretium=ipsum&iaculis=primis&justo=in&in=faucibus&hac=orci&habitasse=luctus&platea=et&dictumst=ultrices&etiam=posuere&faucibus=cubilia&cursus=curae&urna=duis&ut=faucibus&tellus=accumsan&nulla=odio&ut=curabitur&erat=convallis&id=duis&mauris=consequat&vulputate=dui&elementum=nec&nullam=nisi&varius=volutpat&nulla=eleifend&facilisi=donec&cras=ut&non=dolor&velit=morbi&nec=vel&nisi=lectus&vulputate=in&nonummy=quam&maecenas=fringilla&tincidunt=rhoncus&lacus=mauris&at=enim&velit=leo&vivamus=rhoncus&vel=sed&nulla=vestibulum&eget=sit&eros=amet&elementum=cursus&pellentesque=id&quisque=turpis,5/15/2020
68,68,https://artisteer.com/est/congue/elementum/in/hac/habitasse.html?augue=ornare&luctus=imperdiet&tincidunt=sapien&nulla=urna&mollis=pretium&molestie=nisl&lorem=ut&quisque=volutpat&ut=sapien&erat=arcu&curabitur=sed&gravida=augue&nisi=aliquam&at=erat&nibh=volutpat&in=in&hac=congue&habitasse=etiam&platea=justo&dictumst=etiam&aliquam=pretium&augue=iaculis&quam=justo&sollicitudin=in&vitae=hac&consectetuer=habitasse&eget=platea&rutrum=dictumst&at=etiam&lorem=faucibus&integer=cursus&tincidunt=urna&ante=ut&vel=tellus&ipsum=nulla&praesent=ut&blandit=erat&lacinia=id&erat=mauris&vestibulum=vulputate&sed=elementum&magna=nullam&at=varius&nunc=nulla&commodo=facilisi&placerat=cras&praesent=non&blandit=velit&nam=nec&nulla=nisi&integer=vulputate&pede=nonummy&justo=maecenas&lacinia=tincidunt&eget=lacus&tincidunt=at&eget=velit&tempus=vivamus&vel=vel&pede=nulla&morbi=eget&porttitor=eros&lorem=elementum&id=pellentesque&ligula=quisque&suspendisse=porta&ornare=volutpat,9/18/2022
69,69,http://dailymail.co.uk/quis/orci/eget/orci/vehicula/condimentum/curabitur.xml?ligula=maecenas&in=leo&lacus=odio&curabitur=condimentum&at=id&ipsum=luctus&ac=nec&tellus=molestie&semper=sed&interdum=justo&mauris=pellentesque&ullamcorper=viverra&purus=pede&sit=ac&amet=diam&nulla=cras&quisque=pellentesque&arcu=volutpat&libero=dui&rutrum=maecenas&ac=tristique&lobortis=est&vel=et&dapibus=tempus&at=semper,6/14/2022
70,70,http://hugedomains.com/proin/eu/mi/nulla.js?ut=nulla&nunc=integer&vestibulum=pede&ante=justo&ipsum=lacinia&primis=eget&in=tincidunt&faucibus=eget&orci=tempus&luctus=vel&et=pede&ultrices=morbi&posuere=porttitor&cubilia=lorem&curae=id&mauris=ligula&viverra=suspendisse&diam=ornare&vitae=consequat&quam=lectus&suspendisse=in,7/1/2021
71,71,http://edublogs.org/sociis.xml?sapien=fusce&non=lacus&mi=purus&integer=aliquet&ac=at&neque=feugiat&duis=non&bibendum=pretium&morbi=quis&non=lectus&quam=suspendisse&nec=potenti&dui=in&luctus=eleifend&rutrum=quam&nulla=a&tellus=odio&in=in&sagittis=hac&dui=habitasse&vel=platea&nisl=dictumst&duis=maecenas&ac=ut&nibh=massa&fusce=quis,10/17/2020
72,72,https://furl.net/vulputate/justo/in/blandit/ultrices.jsp?congue=pellentesque&etiam=viverra&justo=pede&etiam=ac&pretium=diam&iaculis=cras&justo=pellentesque&in=volutpat&hac=dui&habitasse=maecenas&platea=tristique&dictumst=est&etiam=et&faucibus=tempus&cursus=semper&urna=est&ut=quam&tellus=pharetra&nulla=magna&ut=ac&erat=consequat&id=metus&mauris=sapien&vulputate=ut&elementum=nunc&nullam=vestibulum&varius=ante&nulla=ipsum&facilisi=primis&cras=in&non=faucibus&velit=orci&nec=luctus&nisi=et&vulputate=ultrices&nonummy=posuere&maecenas=cubilia&tincidunt=curae&lacus=mauris&at=viverra&velit=diam&vivamus=vitae&vel=quam&nulla=suspendisse&eget=potenti&eros=nullam&elementum=porttitor&pellentesque=lacus&quisque=at&porta=turpis&volutpat=donec&erat=posuere&quisque=metus&erat=vitae&eros=ipsum&viverra=aliquam&eget=non&congue=mauris&eget=morbi&semper=non&rutrum=lectus&nulla=aliquam&nunc=sit&purus=amet&phasellus=diam&in=in&felis=magna&donec=bibendum&semper=imperdiet,2/12/2022
73,73,http://de.vu/non/mi.jsp?sapien=ligula&iaculis=pellentesque&congue=ultrices&vivamus=phasellus&metus=id&arcu=sapien&adipiscing=in&molestie=sapien&hendrerit=iaculis&at=congue&vulputate=vivamus&vitae=metus&nisl=arcu&aenean=adipiscing&lectus=molestie&pellentesque=hendrerit&eget=at&nunc=vulputate&donec=vitae&quis=nisl&orci=aenean&eget=lectus&orci=pellentesque&vehicula=eget&condimentum=nunc&curabitur=donec&in=quis&libero=orci&ut=eget&massa=orci&volutpat=vehicula&convallis=condimentum&morbi=curabitur&odio=in&odio=libero&elementum=ut&eu=massa&interdum=volutpat&eu=convallis&tincidunt=morbi&in=odio&leo=odio&maecenas=elementum&pulvinar=eu&lobortis=interdum&est=eu&phasellus=tincidunt&sit=in&amet=leo&erat=maecenas&nulla=pulvinar&tempus=lobortis&vivamus=est&in=phasellus&felis=sit&eu=amet&sapien=erat&cursus=nulla&vestibulum=tempus&proin=vivamus&eu=in&mi=felis&nulla=eu&ac=sapien&enim=cursus&in=vestibulum&tempor=proin&turpis=eu&nec=mi&euismod=nulla&scelerisque=ac&quam=enim&turpis=in&adipiscing=tempor&lorem=turpis&vitae=nec&mattis=euismod&nibh=scelerisque&ligula=quam&nec=turpis&sem=adipiscing&duis=lorem&aliquam=vitae&convallis=mattis&nunc=nibh&proin=ligula&at=nec&turpis=sem&a=duis&pede=aliquam&posuere=convallis&nonummy=nunc,9/16/2022
74,74,http://dot.gov/commodo/placerat/praesent/blandit/nam/nulla/integer.json?suspendisse=enim&accumsan=blandit&tortor=mi&quis=in&turpis=porttitor&sed=pede&ante=justo&vivamus=eu&tortor=massa&duis=donec&mattis=dapibus&egestas=duis&metus=at&aenean=velit&fermentum=eu&donec=est&ut=congue&mauris=elementum&eget=in&massa=hac&tempor=habitasse&convallis=platea&nulla=dictumst&neque=morbi&libero=vestibulum&convallis=velit&eget=id&eleifend=pretium&luctus=iaculis&ultricies=diam&eu=erat&nibh=fermentum&quisque=justo&id=nec&justo=condimentum&sit=neque&amet=sapien&sapien=placerat&dignissim=ante&vestibulum=nulla&vestibulum=justo&ante=aliquam&ipsum=quis&primis=turpis&in=eget&faucibus=elit&orci=sodales&luctus=scelerisque&et=mauris&ultrices=sit&posuere=amet&cubilia=eros&curae=suspendisse&nulla=accumsan&dapibus=tortor&dolor=quis&vel=turpis&est=sed&donec=ante&odio=vivamus&justo=tortor&sollicitudin=duis&ut=mattis&suscipit=egestas&a=metus&feugiat=aenean&et=fermentum&eros=donec&vestibulum=ut&ac=mauris&est=eget&lacinia=massa&nisi=tempor,11/18/2020
75,75,https://admin.ch/feugiat.json?sociis=eget&natoque=vulputate&penatibus=ut&et=ultrices&magnis=vel&dis=augue&parturient=vestibulum&montes=ante&nascetur=ipsum&ridiculus=primis&mus=in&vivamus=faucibus&vestibulum=orci&sagittis=luctus&sapien=et&cum=ultrices&sociis=posuere&natoque=cubilia&penatibus=curae&et=donec&magnis=pharetra&dis=magna&parturient=vestibulum&montes=aliquet&nascetur=ultrices&ridiculus=erat&mus=tortor&etiam=sollicitudin&vel=mi&augue=sit&vestibulum=amet&rutrum=lobortis&rutrum=sapien&neque=sapien&aenean=non&auctor=mi&gravida=integer&sem=ac&praesent=neque&id=duis&massa=bibendum&id=morbi&nisl=non&venenatis=quam&lacinia=nec&aenean=dui&sit=luctus&amet=rutrum&justo=nulla&morbi=tellus&ut=in&odio=sagittis&cras=dui&mi=vel&pede=nisl&malesuada=duis&in=ac&imperdiet=nibh&et=fusce&commodo=lacus&vulputate=purus&justo=aliquet&in=at&blandit=feugiat&ultrices=non&enim=pretium,5/14/2021
76,76,http://ifeng.com/ut/mauris.json?cursus=quam&vestibulum=fringilla&proin=rhoncus&eu=mauris&mi=enim&nulla=leo&ac=rhoncus&enim=sed&in=vestibulum&tempor=sit&turpis=amet&nec=cursus&euismod=id&scelerisque=turpis&quam=integer&turpis=aliquet&adipiscing=massa&lorem=id&vitae=lobortis&mattis=convallis&nibh=tortor&ligula=risus&nec=dapibus&sem=augue&duis=vel&aliquam=accumsan&convallis=tellus&nunc=nisi&proin=eu&at=orci&turpis=mauris&a=lacinia&pede=sapien&posuere=quis&nonummy=libero&integer=nullam&non=sit&velit=amet&donec=turpis&diam=elementum&neque=ligula&vestibulum=vehicula&eget=consequat&vulputate=morbi&ut=a&ultrices=ipsum&vel=integer&augue=a&vestibulum=nibh&ante=in&ipsum=quis&primis=justo&in=maecenas&faucibus=rhoncus&orci=aliquam&luctus=lacus&et=morbi&ultrices=quis&posuere=tortor&cubilia=id&curae=nulla&donec=ultrices&pharetra=aliquet&magna=maecenas&vestibulum=leo&aliquet=odio&ultrices=condimentum&erat=id&tortor=luctus&sollicitudin=nec&mi=molestie&sit=sed&amet=justo&lobortis=pellentesque,4/18/2020
77,77,http://etsy.com/morbi/vestibulum/velit/id/pretium/iaculis/diam.jpg?odio=nulla&condimentum=neque&id=libero&luctus=convallis&nec=eget&molestie=eleifend&sed=luctus&justo=ultricies&pellentesque=eu&viverra=nibh&pede=quisque&ac=id&diam=justo&cras=sit&pellentesque=amet&volutpat=sapien&dui=dignissim&maecenas=vestibulum&tristique=vestibulum&est=ante&et=ipsum&tempus=primis&semper=in&est=faucibus&quam=orci&pharetra=luctus&magna=et&ac=ultrices&consequat=posuere&metus=cubilia&sapien=curae&ut=nulla&nunc=dapibus&vestibulum=dolor&ante=vel&ipsum=est&primis=donec&in=odio&faucibus=justo&orci=sollicitudin&luctus=ut&et=suscipit&ultrices=a&posuere=feugiat&cubilia=et&curae=eros&mauris=vestibulum&viverra=ac&diam=est&vitae=lacinia&quam=nisi&suspendisse=venenatis&potenti=tristique&nullam=fusce&porttitor=congue&lacus=diam&at=id&turpis=ornare&donec=imperdiet&posuere=sapien&metus=urna&vitae=pretium&ipsum=nisl&aliquam=ut&non=volutpat&mauris=sapien&morbi=arcu&non=sed&lectus=augue&aliquam=aliquam&sit=erat&amet=volutpat&diam=in&in=congue&magna=etiam&bibendum=justo&imperdiet=etiam&nullam=pretium&orci=iaculis&pede=justo&venenatis=in&non=hac&sodales=habitasse&sed=platea&tincidunt=dictumst&eu=etiam&felis=faucibus,7/16/2021
78,78,https://unesco.org/nisl.js?justo=eros&aliquam=vestibulum&quis=ac&turpis=est&eget=lacinia&elit=nisi&sodales=venenatis&scelerisque=tristique&mauris=fusce&sit=congue&amet=diam&eros=id&suspendisse=ornare&accumsan=imperdiet&tortor=sapien&quis=urna&turpis=pretium&sed=nisl&ante=ut&vivamus=volutpat&tortor=sapien&duis=arcu&mattis=sed&egestas=augue&metus=aliquam&aenean=erat&fermentum=volutpat&donec=in,4/14/2020
79,79,http://cisco.com/ante/nulla/justo.aspx?ante=ipsum&vestibulum=primis&ante=in&ipsum=faucibus&primis=orci&in=luctus&faucibus=et&orci=ultrices&luctus=posuere&et=cubilia&ultrices=curae&posuere=duis&cubilia=faucibus&curae=accumsan&duis=odio&faucibus=curabitur&accumsan=convallis&odio=duis&curabitur=consequat&convallis=dui&duis=nec&consequat=nisi&dui=volutpat&nec=eleifend&nisi=donec&volutpat=ut,4/16/2021
80,80,https://fema.gov/vestibulum/ante/ipsum/primis/in.jpg?diam=suspendisse&neque=ornare&vestibulum=consequat&eget=lectus&vulputate=in&ut=est&ultrices=risus&vel=auctor&augue=sed&vestibulum=tristique&ante=in&ipsum=tempus&primis=sit&in=amet&faucibus=sem&orci=fusce&luctus=consequat&et=nulla&ultrices=nisl&posuere=nunc&cubilia=nisl&curae=duis&donec=bibendum&pharetra=felis&magna=sed&vestibulum=interdum&aliquet=venenatis&ultrices=turpis&erat=enim&tortor=blandit&sollicitudin=mi&mi=in&sit=porttitor&amet=pede&lobortis=justo&sapien=eu&sapien=massa&non=donec&mi=dapibus&integer=duis&ac=at&neque=velit&duis=eu&bibendum=est&morbi=congue&non=elementum&quam=in&nec=hac&dui=habitasse&luctus=platea&rutrum=dictumst&nulla=morbi&tellus=vestibulum&in=velit&sagittis=id&dui=pretium&vel=iaculis,1/10/2022
81,81,https://cisco.com/aliquam/augue/quam/sollicitudin/vitae.html?pretium=eros&quis=elementum&lectus=pellentesque&suspendisse=quisque&potenti=porta&in=volutpat&eleifend=erat&quam=quisque&a=erat&odio=eros&in=viverra&hac=eget&habitasse=congue&platea=eget&dictumst=semper&maecenas=rutrum&ut=nulla&massa=nunc&quis=purus&augue=phasellus&luctus=in&tincidunt=felis&nulla=donec&mollis=semper&molestie=sapien&lorem=a&quisque=libero&ut=nam&erat=dui&curabitur=proin&gravida=leo&nisi=odio&at=porttitor&nibh=id&in=consequat&hac=in&habitasse=consequat&platea=ut&dictumst=nulla&aliquam=sed&augue=accumsan&quam=felis&sollicitudin=ut&vitae=at,4/21/2021
82,82,http://marriott.com/id/nulla/ultrices/aliquet/maecenas.png?dolor=eu&sit=mi&amet=nulla&consectetuer=ac&adipiscing=enim&elit=in&proin=tempor&interdum=turpis&mauris=nec&non=euismod&ligula=scelerisque&pellentesque=quam&ultrices=turpis&phasellus=adipiscing&id=lorem&sapien=vitae,11/3/2022
83,83,http://dailymotion.com/sapien/arcu/sed.html?diam=phasellus&neque=sit&vestibulum=amet&eget=erat&vulputate=nulla&ut=tempus&ultrices=vivamus&vel=in&augue=felis&vestibulum=eu&ante=sapien&ipsum=cursus&primis=vestibulum&in=proin&faucibus=eu&orci=mi&luctus=nulla&et=ac&ultrices=enim&posuere=in&cubilia=tempor&curae=turpis&donec=nec&pharetra=euismod&magna=scelerisque&vestibulum=quam&aliquet=turpis&ultrices=adipiscing&erat=lorem&tortor=vitae,6/17/2022
84,84,https://usa.gov/sapien/cursus/vestibulum/proin/eu/mi/nulla.jsp?ipsum=vitae&dolor=consectetuer&sit=eget&amet=rutrum&consectetuer=at&adipiscing=lorem&elit=integer&proin=tincidunt&interdum=ante&mauris=vel&non=ipsum&ligula=praesent&pellentesque=blandit&ultrices=lacinia&phasellus=erat&id=vestibulum&sapien=sed&in=magna&sapien=at&iaculis=nunc&congue=commodo&vivamus=placerat&metus=praesent&arcu=blandit&adipiscing=nam&molestie=nulla&hendrerit=integer&at=pede&vulputate=justo&vitae=lacinia&nisl=eget&aenean=tincidunt&lectus=eget&pellentesque=tempus&eget=vel&nunc=pede&donec=morbi&quis=porttitor&orci=lorem&eget=id&orci=ligula&vehicula=suspendisse&condimentum=ornare&curabitur=consequat&in=lectus&libero=in&ut=est&massa=risus&volutpat=auctor&convallis=sed&morbi=tristique&odio=in&odio=tempus&elementum=sit&eu=amet&interdum=sem&eu=fusce&tincidunt=consequat&in=nulla&leo=nisl&maecenas=nunc&pulvinar=nisl&lobortis=duis&est=bibendum&phasellus=felis&sit=sed&amet=interdum&erat=venenatis&nulla=turpis&tempus=enim&vivamus=blandit&in=mi&felis=in&eu=porttitor&sapien=pede&cursus=justo&vestibulum=eu&proin=massa&eu=donec&mi=dapibus&nulla=duis&ac=at&enim=velit&in=eu&tempor=est&turpis=congue&nec=elementum&euismod=in&scelerisque=hac&quam=habitasse&turpis=platea&adipiscing=dictumst&lorem=morbi&vitae=vestibulum&mattis=velit&nibh=id&ligula=pretium&nec=iaculis,6/1/2022
85,85,http://ocn.ne.jp/condimentum/neque/sapien/placerat/ante/nulla/justo.jpg?purus=massa&phasellus=quis&in=augue&felis=luctus&donec=tincidunt&semper=nulla&sapien=mollis&a=molestie&libero=lorem&nam=quisque&dui=ut&proin=erat&leo=curabitur&odio=gravida&porttitor=nisi&id=at&consequat=nibh&in=in&consequat=hac&ut=habitasse&nulla=platea&sed=dictumst&accumsan=aliquam&felis=augue&ut=quam&at=sollicitudin&dolor=vitae&quis=consectetuer&odio=eget&consequat=rutrum&varius=at&integer=lorem&ac=integer&leo=tincidunt&pellentesque=ante&ultrices=vel&mattis=ipsum&odio=praesent&donec=blandit&vitae=lacinia,4/2/2020
86,86,http://ehow.com/magna/ac/consequat/metus/sapien.html?et=natoque&ultrices=penatibus&posuere=et&cubilia=magnis&curae=dis&duis=parturient&faucibus=montes&accumsan=nascetur&odio=ridiculus&curabitur=mus&convallis=vivamus&duis=vestibulum&consequat=sagittis&dui=sapien&nec=cum&nisi=sociis&volutpat=natoque&eleifend=penatibus&donec=et&ut=magnis&dolor=dis&morbi=parturient&vel=montes&lectus=nascetur&in=ridiculus&quam=mus&fringilla=etiam&rhoncus=vel&mauris=augue&enim=vestibulum&leo=rutrum&rhoncus=rutrum&sed=neque&vestibulum=aenean&sit=auctor&amet=gravida&cursus=sem&id=praesent&turpis=id&integer=massa&aliquet=id&massa=nisl&id=venenatis&lobortis=lacinia&convallis=aenean&tortor=sit&risus=amet&dapibus=justo&augue=morbi&vel=ut&accumsan=odio&tellus=cras&nisi=mi&eu=pede&orci=malesuada&mauris=in&lacinia=imperdiet&sapien=et&quis=commodo&libero=vulputate&nullam=justo&sit=in&amet=blandit&turpis=ultrices&elementum=enim&ligula=lorem&vehicula=ipsum&consequat=dolor&morbi=sit&a=amet&ipsum=consectetuer&integer=adipiscing&a=elit&nibh=proin&in=interdum&quis=mauris&justo=non&maecenas=ligula&rhoncus=pellentesque&aliquam=ultrices&lacus=phasellus&morbi=id&quis=sapien&tortor=in&id=sapien,10/14/2022
87,87,https://foxnews.com/cras.xml?ante=aenean&ipsum=lectus&primis=pellentesque&in=eget&faucibus=nunc&orci=donec&luctus=quis&et=orci&ultrices=eget&posuere=orci&cubilia=vehicula&curae=condimentum&mauris=curabitur&viverra=in&diam=libero&vitae=ut&quam=massa&suspendisse=volutpat&potenti=convallis&nullam=morbi&porttitor=odio&lacus=odio&at=elementum&turpis=eu&donec=interdum&posuere=eu&metus=tincidunt&vitae=in&ipsum=leo&aliquam=maecenas&non=pulvinar&mauris=lobortis&morbi=est&non=phasellus&lectus=sit&aliquam=amet&sit=erat&amet=nulla&diam=tempus&in=vivamus&magna=in&bibendum=felis&imperdiet=eu&nullam=sapien&orci=cursus&pede=vestibulum&venenatis=proin&non=eu&sodales=mi&sed=nulla&tincidunt=ac&eu=enim&felis=in&fusce=tempor&posuere=turpis&felis=nec&sed=euismod&lacus=scelerisque&morbi=quam&sem=turpis&mauris=adipiscing&laoreet=lorem&ut=vitae&rhoncus=mattis&aliquet=nibh&pulvinar=ligula&sed=nec&nisl=sem&nunc=duis&rhoncus=aliquam&dui=convallis&vel=nunc&sem=proin&sed=at&sagittis=turpis&nam=a&congue=pede&risus=posuere&semper=nonummy&porta=integer&volutpat=non&quam=velit&pede=donec&lobortis=diam&ligula=neque&sit=vestibulum&amet=eget&eleifend=vulputate&pede=ut&libero=ultrices&quis=vel&orci=augue&nullam=vestibulum&molestie=ante&nibh=ipsum&in=primis&lectus=in&pellentesque=faucibus&at=orci,1/8/2021
88,88,https://ed.gov/donec/dapibus.js?massa=nulla&donec=suspendisse&dapibus=potenti&duis=cras&at=in&velit=purus&eu=eu&est=magna&congue=vulputate&elementum=luctus&in=cum&hac=sociis&habitasse=natoque&platea=penatibus&dictumst=et&morbi=magnis&vestibulum=dis&velit=parturient&id=montes&pretium=nascetur&iaculis=ridiculus&diam=mus&erat=vivamus&fermentum=vestibulum&justo=sagittis&nec=sapien&condimentum=cum&neque=sociis&sapien=natoque&placerat=penatibus&ante=et&nulla=magnis&justo=dis&aliquam=parturient&quis=montes&turpis=nascetur&eget=ridiculus&elit=mus&sodales=etiam&scelerisque=vel&mauris=augue&sit=vestibulum&amet=rutrum&eros=rutrum&suspendisse=neque&accumsan=aenean&tortor=auctor&quis=gravida&turpis=sem&sed=praesent&ante=id&vivamus=massa&tortor=id&duis=nisl&mattis=venenatis&egestas=lacinia&metus=aenean&aenean=sit&fermentum=amet&donec=justo&ut=morbi&mauris=ut&eget=odio&massa=cras&tempor=mi&convallis=pede&nulla=malesuada&neque=in&libero=imperdiet&convallis=et&eget=commodo&eleifend=vulputate&luctus=justo&ultricies=in&eu=blandit&nibh=ultrices&quisque=enim&id=lorem&justo=ipsum&sit=dolor&amet=sit&sapien=amet&dignissim=consectetuer&vestibulum=adipiscing&vestibulum=elit&ante=proin&ipsum=interdum&primis=mauris&in=non&faucibus=ligula&orci=pellentesque&luctus=ultrices&et=phasellus&ultrices=id&posuere=sapien,12/25/2020
89,89,https://cmu.edu/tellus/nulla.xml?ultrices=a&libero=ipsum&non=integer&mattis=a&pulvinar=nibh&nulla=in&pede=quis&ullamcorper=justo&augue=maecenas&a=rhoncus&suscipit=aliquam&nulla=lacus&elit=morbi&ac=quis&nulla=tortor&sed=id&vel=nulla&enim=ultrices&sit=aliquet&amet=maecenas&nunc=leo&viverra=odio&dapibus=condimentum&nulla=id&suscipit=luctus&ligula=nec&in=molestie&lacus=sed&curabitur=justo&at=pellentesque&ipsum=viverra&ac=pede&tellus=ac&semper=diam&interdum=cras&mauris=pellentesque&ullamcorper=volutpat&purus=dui&sit=maecenas&amet=tristique&nulla=est&quisque=et&arcu=tempus&libero=semper&rutrum=est&ac=quam&lobortis=pharetra,12/15/2020
90,90,https://artisteer.com/neque/duis/bibendum/morbi/non/quam.jpg?nam=sit&nulla=amet&integer=justo&pede=morbi&justo=ut&lacinia=odio&eget=cras&tincidunt=mi&eget=pede&tempus=malesuada&vel=in&pede=imperdiet&morbi=et&porttitor=commodo&lorem=vulputate&id=justo&ligula=in&suspendisse=blandit&ornare=ultrices&consequat=enim&lectus=lorem&in=ipsum&est=dolor&risus=sit&auctor=amet&sed=consectetuer&tristique=adipiscing&in=elit&tempus=proin&sit=interdum&amet=mauris&sem=non&fusce=ligula&consequat=pellentesque&nulla=ultrices&nisl=phasellus&nunc=id&nisl=sapien&duis=in&bibendum=sapien&felis=iaculis&sed=congue&interdum=vivamus&venenatis=metus&turpis=arcu&enim=adipiscing&blandit=molestie&mi=hendrerit&in=at&porttitor=vulputate&pede=vitae&justo=nisl&eu=aenean&massa=lectus&donec=pellentesque&dapibus=eget&duis=nunc&at=donec&velit=quis&eu=orci&est=eget&congue=orci&elementum=vehicula&in=condimentum&hac=curabitur&habitasse=in&platea=libero&dictumst=ut&morbi=massa&vestibulum=volutpat&velit=convallis&id=morbi&pretium=odio&iaculis=odio&diam=elementum&erat=eu&fermentum=interdum&justo=eu&nec=tincidunt&condimentum=in&neque=leo&sapien=maecenas&placerat=pulvinar&ante=lobortis&nulla=est&justo=phasellus&aliquam=sit&quis=amet&turpis=erat&eget=nulla&elit=tempus&sodales=vivamus&scelerisque=in,9/16/2020
91,91,https://epa.gov/nisi.html?eget=id&orci=sapien&vehicula=in&condimentum=sapien&curabitur=iaculis&in=congue&libero=vivamus&ut=metus&massa=arcu&volutpat=adipiscing&convallis=molestie&morbi=hendrerit&odio=at&odio=vulputate&elementum=vitae&eu=nisl&interdum=aenean&eu=lectus&tincidunt=pellentesque&in=eget&leo=nunc&maecenas=donec&pulvinar=quis&lobortis=orci&est=eget&phasellus=orci&sit=vehicula&amet=condimentum,12/24/2022
92,92,https://yellowpages.com/nulla/sed.json?penatibus=vitae&et=quam&magnis=suspendisse&dis=potenti&parturient=nullam&montes=porttitor&nascetur=lacus&ridiculus=at&mus=turpis&etiam=donec&vel=posuere&augue=metus&vestibulum=vitae&rutrum=ipsum&rutrum=aliquam&neque=non&aenean=mauris&auctor=morbi&gravida=non&sem=lectus&praesent=aliquam&id=sit&massa=amet&id=diam&nisl=in&venenatis=magna&lacinia=bibendum&aenean=imperdiet&sit=nullam&amet=orci&justo=pede&morbi=venenatis&ut=non&odio=sodales&cras=sed&mi=tincidunt&pede=eu&malesuada=felis&in=fusce&imperdiet=posuere&et=felis&commodo=sed&vulputate=lacus&justo=morbi&in=sem&blandit=mauris&ultrices=laoreet&enim=ut&lorem=rhoncus&ipsum=aliquet&dolor=pulvinar&sit=sed&amet=nisl&consectetuer=nunc&adipiscing=rhoncus&elit=dui&proin=vel&interdum=sem&mauris=sed&non=sagittis&ligula=nam&pellentesque=congue&ultrices=risus&phasellus=semper&id=porta&sapien=volutpat&in=quam&sapien=pede&iaculis=lobortis&congue=ligula&vivamus=sit&metus=amet&arcu=eleifend&adipiscing=pede&molestie=libero&hendrerit=quis&at=orci&vulputate=nullam&vitae=molestie&nisl=nibh&aenean=in&lectus=lectus&pellentesque=pellentesque&eget=at&nunc=nulla&donec=suspendisse&quis=potenti&orci=cras&eget=in&orci=purus&vehicula=eu&condimentum=magna&curabitur=vulputate&in=luctus,8/24/2021
93,93,https://vimeo.com/justo/nec/condimentum/neque.aspx?molestie=amet&lorem=lobortis&quisque=sapien&ut=sapien&erat=non&curabitur=mi&gravida=integer&nisi=ac&at=neque&nibh=duis&in=bibendum&hac=morbi&habitasse=non&platea=quam&dictumst=nec&aliquam=dui&augue=luctus&quam=rutrum&sollicitudin=nulla&vitae=tellus&consectetuer=in&eget=sagittis&rutrum=dui&at=vel&lorem=nisl&integer=duis&tincidunt=ac&ante=nibh&vel=fusce&ipsum=lacus&praesent=purus&blandit=aliquet&lacinia=at&erat=feugiat&vestibulum=non&sed=pretium&magna=quis&at=lectus&nunc=suspendisse&commodo=potenti&placerat=in&praesent=eleifend&blandit=quam&nam=a&nulla=odio&integer=in&pede=hac&justo=habitasse&lacinia=platea&eget=dictumst&tincidunt=maecenas&eget=ut&tempus=massa&vel=quis&pede=augue&morbi=luctus&porttitor=tincidunt&lorem=nulla&id=mollis&ligula=molestie&suspendisse=lorem&ornare=quisque&consequat=ut&lectus=erat&in=curabitur&est=gravida&risus=nisi&auctor=at&sed=nibh&tristique=in&in=hac&tempus=habitasse&sit=platea&amet=dictumst&sem=aliquam&fusce=augue&consequat=quam&nulla=sollicitudin&nisl=vitae&nunc=consectetuer&nisl=eget&duis=rutrum&bibendum=at&felis=lorem&sed=integer&interdum=tincidunt&venenatis=ante&turpis=vel&enim=ipsum&blandit=praesent&mi=blandit&in=lacinia&porttitor=erat&pede=vestibulum&justo=sed&eu=magna&massa=at,1/8/2020
94,94,https://woothemes.com/auctor/sed/tristique/in/tempus/sit/amet.json?gravida=at&nisi=velit&at=vivamus&nibh=vel&in=nulla&hac=eget&habitasse=eros&platea=elementum&dictumst=pellentesque&aliquam=quisque&augue=porta,5/13/2020
95,95,http://yahoo.com/diam/cras/pellentesque/volutpat.jpg?tincidunt=vel&eget=accumsan&tempus=tellus&vel=nisi&pede=eu&morbi=orci&porttitor=mauris&lorem=lacinia&id=sapien&ligula=quis&suspendisse=libero&ornare=nullam&consequat=sit&lectus=amet&in=turpis&est=elementum&risus=ligula&auctor=vehicula&sed=consequat&tristique=morbi&in=a&tempus=ipsum&sit=integer&amet=a&sem=nibh&fusce=in&consequat=quis&nulla=justo&nisl=maecenas&nunc=rhoncus&nisl=aliquam&duis=lacus&bibendum=morbi&felis=quis&sed=tortor&interdum=id&venenatis=nulla&turpis=ultrices&enim=aliquet&blandit=maecenas&mi=leo&in=odio&porttitor=condimentum&pede=id&justo=luctus&eu=nec&massa=molestie&donec=sed&dapibus=justo&duis=pellentesque&at=viverra&velit=pede&eu=ac&est=diam&congue=cras&elementum=pellentesque&in=volutpat&hac=dui&habitasse=maecenas&platea=tristique&dictumst=est&morbi=et&vestibulum=tempus&velit=semper&id=est&pretium=quam&iaculis=pharetra&diam=magna&erat=ac&fermentum=consequat&justo=metus&nec=sapien&condimentum=ut&neque=nunc&sapien=vestibulum&placerat=ante&ante=ipsum&nulla=primis&justo=in&aliquam=faucibus&quis=orci&turpis=luctus&eget=et,9/17/2020
96,96,https://hugedomains.com/sodales/sed/tincidunt/eu.xml?posuere=dui&cubilia=nec&curae=nisi&mauris=volutpat&viverra=eleifend&diam=donec&vitae=ut&quam=dolor&suspendisse=morbi&potenti=vel&nullam=lectus&porttitor=in&lacus=quam&at=fringilla&turpis=rhoncus&donec=mauris&posuere=enim&metus=leo&vitae=rhoncus&ipsum=sed&aliquam=vestibulum&non=sit&mauris=amet&morbi=cursus&non=id&lectus=turpis&aliquam=integer&sit=aliquet&amet=massa&diam=id&in=lobortis&magna=convallis&bibendum=tortor&imperdiet=risus&nullam=dapibus&orci=augue&pede=vel&venenatis=accumsan&non=tellus&sodales=nisi&sed=eu&tincidunt=orci&eu=mauris&felis=lacinia&fusce=sapien&posuere=quis&felis=libero&sed=nullam&lacus=sit&morbi=amet&sem=turpis&mauris=elementum&laoreet=ligula&ut=vehicula&rhoncus=consequat&aliquet=morbi&pulvinar=a&sed=ipsum&nisl=integer&nunc=a&rhoncus=nibh&dui=in&vel=quis,3/31/2021
97,97,http://ed.gov/ante/ipsum.jsp?eget=dui&massa=maecenas&tempor=tristique&convallis=est&nulla=et&neque=tempus&libero=semper&convallis=est&eget=quam&eleifend=pharetra&luctus=magna&ultricies=ac&eu=consequat&nibh=metus&quisque=sapien&id=ut&justo=nunc&sit=vestibulum&amet=ante&sapien=ipsum&dignissim=primis&vestibulum=in&vestibulum=faucibus&ante=orci&ipsum=luctus&primis=et&in=ultrices&faucibus=posuere&orci=cubilia&luctus=curae&et=mauris&ultrices=viverra&posuere=diam&cubilia=vitae&curae=quam&nulla=suspendisse&dapibus=potenti&dolor=nullam&vel=porttitor&est=lacus&donec=at&odio=turpis&justo=donec&sollicitudin=posuere&ut=metus&suscipit=vitae&a=ipsum&feugiat=aliquam&et=non&eros=mauris&vestibulum=morbi&ac=non&est=lectus&lacinia=aliquam&nisi=sit&venenatis=amet&tristique=diam&fusce=in&congue=magna&diam=bibendum,6/2/2022
98,98,https://harvard.edu/lectus/in/quam/fringilla/rhoncus.xml?non=pede&pretium=posuere&quis=nonummy&lectus=integer&suspendisse=non&potenti=velit&in=donec&eleifend=diam&quam=neque&a=vestibulum&odio=eget&in=vulputate&hac=ut&habitasse=ultrices&platea=vel&dictumst=augue&maecenas=vestibulum&ut=ante&massa=ipsum&quis=primis&augue=in&luctus=faucibus&tincidunt=orci&nulla=luctus&mollis=et&molestie=ultrices&lorem=posuere&quisque=cubilia&ut=curae&erat=donec&curabitur=pharetra&gravida=magna&nisi=vestibulum&at=aliquet&nibh=ultrices&in=erat&hac=tortor&habitasse=sollicitudin&platea=mi&dictumst=sit&aliquam=amet&augue=lobortis&quam=sapien&sollicitudin=sapien&vitae=non&consectetuer=mi&eget=integer&rutrum=ac&at=neque&lorem=duis&integer=bibendum&tincidunt=morbi&ante=non&vel=quam&ipsum=nec&praesent=dui&blandit=luctus&lacinia=rutrum&erat=nulla&vestibulum=tellus&sed=in&magna=sagittis&at=dui&nunc=vel&commodo=nisl&placerat=duis&praesent=ac&blandit=nibh&nam=fusce&nulla=lacus&integer=purus&pede=aliquet&justo=at&lacinia=feugiat&eget=non&tincidunt=pretium&eget=quis&tempus=lectus&vel=suspendisse&pede=potenti,10/3/2021
99,99,http://squidoo.com/luctus.js?tincidunt=sed&in=augue&leo=aliquam&maecenas=erat&pulvinar=volutpat&lobortis=in&est=congue&phasellus=etiam&sit=justo&amet=etiam&erat=pretium&nulla=iaculis&tempus=justo&vivamus=in&in=hac&felis=habitasse&eu=platea&sapien=dictumst&cursus=etiam&vestibulum=faucibus&proin=cursus&eu=urna&mi=ut&nulla=tellus&ac=nulla&enim=ut&in=erat&tempor=id&turpis=mauris&nec=vulputate&euismod=elementum&scelerisque=nullam&quam=varius&turpis=nulla&adipiscing=facilisi&lorem=cras&vitae=non&mattis=velit&nibh=nec&ligula=nisi&nec=vulputate&sem=nonummy&duis=maecenas&aliquam=tincidunt&convallis=lacus&nunc=at&proin=velit&at=vivamus&turpis=vel&a=nulla&pede=eget&posuere=eros&nonummy=elementum&integer=pellentesque&non=quisque&velit=porta&donec=volutpat&diam=erat&neque=quisque&vestibulum=erat&eget=eros&vulputate=viverra&ut=eget&ultrices=congue&vel=eget&augue=semper&vestibulum=rutrum&ante=nulla&ipsum=nunc&primis=purus&in=phasellus&faucibus=in&orci=felis&luctus=donec&et=semper&ultrices=sapien&posuere=a&cubilia=libero,1/11/2020
100,100,https://soup.io/porttitor/id/consequat/in/consequat.jsp?in=id&felis=turpis&eu=integer&sapien=aliquet&cursus=massa&vestibulum=id&proin=lobortis&eu=convallis&mi=tortor&nulla=risus&ac=dapibus&enim=augue&in=vel&tempor=accumsan&turpis=tellus&nec=nisi&euismod=eu&scelerisque=orci&quam=mauris&turpis=lacinia&adipiscing=sapien&lorem=quis&vitae=libero&mattis=nullam&nibh=sit,6/28/2022
