user_id,username,password_hash,email,created_at,role
1,hlytlle0,$2a$04$kh6dBT9NeL3vRzv/AvYK7uQsQoIEvZenw8uAhFUgGbCxAH/ytgS2q,areddick0@mayoclinic.com,10/28/2024,sales
2,kpavelka1,$2a$04$5IpowmBh/BB13YAOOPN6puFmbpsEK8g2GZlhDFq019fdZo5nwRIR2,vsoreau1@scientificamerican.com,11/26/2024,warehouse
3,rcoverly2,$2a$04$eH1ahq9eVLv4epcRxDGotut4RFDHV6l/EaWyXFarL0FW8PGu8wUL2,ogainor2@creativecommons.org,12/22/2023,admin
4,aderuggiero3,$2a$04$jWWbTFPsY45lZDTJH4SlKuWLQf08ZhsF.yag60ZIX.CFoS07.4CU.,mmachent3@storify.com,4/21/2024,manager
5,npretley4,$2a$04$MGZs2aZUfbvWQpzHVhZIaeQuIdpHIiM/yUfoVJODmn.fTOCjwUvvK,knelmes4@unesco.org,7/5/2024,admin
6,nbowdrey5,$2a$04$nxhdIWVjSMCyc.eCBM1Asu8Rh7KNDq6W2mSHWmqfOHPmFD8c5wtUe,aferreo5@diigo.com,7/26/2024,customer service
7,fglacken6,$2a$04$S/cWuSIpYTY1wWZRlDvrSOD2V4HPYY38bWdjrLzxS087uqK50rSNS,cabrami6@icq.com,9/1/2024,warehouse
8,dmacek7,$2a$04$dTj4K97GwbRx7Sa/5d4LIesg4bV0TfbkZ4SFuFbtMTfyBxBaUWW4O,ithorburn7@vimeo.com,2/3/2024,admin
9,mlutty8,$2a$04$Sb4t4UBLK5hXJ76ODhSe5.cs3Fv/nbZaOy8n438M14P6v6MzEaH9O,mtuckwood8@scribd.com,4/20/2024,warehouse
10,obell9,$2a$04$dBhWhNp7Lucpdc6IRonYMeyGHhvUVyQPzrkbxwh5YDgVpcf5u8gXO,dconiam9@umich.edu,6/7/2024,warehouse
11,dkillgusa,$2a$04$zANHUowLNci5wRgB/wZk4O8SJNfVJRmIooN6H.Hd98vLwA20jGTcu,gincognaa@sourceforge.net,11/5/2024,warehouse
12,jflancinbaumb,$2a$04$oAmFZVkc2bE22stahxFm5.UT/1zUS0aUzBWIdZjYTHp5II4OgId6C,jtebbeb@dyndns.org,10/19/2024,customer service
13,ctrathanc,$2a$04$NPNl87bwSKGwEnGLaCCXN.3SlaiQImFiD2dBMqkRPYV/kOdtotBMi,xfeenyc@istockphoto.com,5/23/2024,warehouse
14,jelloitd,$2a$04$D93OBsZEY9cjGuNJl4vjNuwiiCZdeLDrwIUq1.zBeAVAnGnMSAyQe,asutchd@bloomberg.com,5/8/2024,manager
15,gimmse,$2a$04$lciVGdcA9sgPhfqOYQgIDuQ1h7QmJfHzzm/pOfdM4GjGTszmuasvC,sphinnise@acquirethisname.com,2/15/2024,warehouse
16,ycobbledickf,$2a$04$Wiyf6O654qYj50L2USajFOv.xvzNa1tViktFZYg3D/RpZYXIVgr7C,rlenthallf@skype.com,6/3/2024,admin
17,ssizlandg,$2a$04$y3jXe5fjUPUUu48hSr.PSOpkipuE17ZBCaYZHTkE.tRge.ZWPEja2,fstorrockg@gnu.org,1/1/2024,manager
18,lfriskeyh,$2a$04$kfYIoW.NiEj9HytpBLi/O.bHgGNEKMBfC2XZEVsaIeEKzJYPwrwrG,mkillh@hubpages.com,4/26/2024,sales
19,mlempertzi,$2a$04$FqLL4HzcxZTnbpJBYXiVburDa7VmhhLRaQap5VJIdvMIGgsXCN41G,bdulakei@cam.ac.uk,11/22/2024,warehouse
20,ecantorj,$2a$04$vDg.zjuxgYY4uEFs6VtxUOnG0DoqaxBYYDuGqeW.FWpBJSucKrgV2,rbrantzenj@dropbox.com,2/8/2024,sales
21,wogavink,$2a$04$MPnuxkc2T9HFPbVmxYfgF.Gg843LDgBvCiKCNomFpI0kqF8MESDtu,fswadlingk@pbs.org,3/3/2024,sales
22,cadolfl,$2a$04$tNHc30.r8gpOB6FeVKD.I.AT1kbsyidgV59WNHunqjKrbjudLWfHW,bclemmettl@tamu.edu,6/26/2024,manager
23,emaiklemm,$2a$04$SWYI3YJpMzpjw5OQ8J4LueWckiu7xAaMS7HtvPWy/xYMIE1bdbJsK,cpidgeonm@cargocollective.com,5/5/2024,admin
24,kblockleyn,$2a$04$C8NMeckqnDGsPpHS.X9VeOuyHr.n18HzZYycZIQeLzKsss/9fzqpy,lcherringtonn@wisc.edu,5/28/2024,manager
25,cannatto,$2a$04$acJs7RJ7EO2.nFL3m3SvoO7DrPsMB.medMo41SLvoP1dFnkOklCDW,svouleso@sbwire.com,6/17/2024,customer service
26,ngartlandp,$2a$04$V91xARDGr8aScot/.aGsBeV0gEAoGSStmiY5vBQZRSNX846HExkey,pthorbonp@wunderground.com,2/28/2024,admin
27,zpardyq,$2a$04$UsOlycjKMTIq8zvZmkPXxu.75ydg6s7GUl5BFmJs.3lZI5mgl049O,jpedycanq@xinhuanet.com,10/28/2024,customer service
28,eorgillr,$2a$04$rSNcDX6qM6WT2e6k3bfch..luLRJ1gIVAw3fvZ/uEbHIFvCgmEf02,mtoyner@dell.com,2/1/2024,manager
29,wgregolettis,$2a$04$ysJMztKGLIg9Sbdv9DyYQ.k7LnPx5iZnOV2tMn.KzX9QuZNBfFaSa,blamonds@nasa.gov,1/28/2024,manager
30,ckifft,$2a$04$ZnSVhkhrVUvMsyHa/M/D3uKrk7u16WwC5bNIXFhb9L.tpSFkHTHAS,wkobierieckit@woothemes.com,1/11/2024,warehouse
31,bbezemeru,$2a$04$xtaWEDplfNpXIbgOYL1IoO66E6cXgPHRNMt28J2eggiq3OOemXpBK,lvasilischevu@yellowbook.com,2/28/2024,manager
32,smcteerv,$2a$04$miWX.Mb1RGXAsRC37FE8jOeWZDbqd3aE5tGh1Tb8/6OcFPvTg/1AW,rrhymesv@instagram.com,11/10/2024,admin
33,cmockettw,$2a$04$c9/u2q3drA3Xo1INRrHlJOJirtXo3xnnD.O99GMUwkTc3xgn0ZIZC,mjeffreyw@irs.gov,4/24/2024,admin
34,nrozzierx,$2a$04$x16fVVjaMhn/1nRQk/STkOFEClPG3FdaydW8BuRpxZ7RVDso11qy2,bsifflettx@cloudflare.com,4/21/2024,admin
35,lkienzley,$2a$04$SBvy3zz5ly3eh6goCEk3we3zKFJKdBMxEHDWl9XQH6XcMXtlRhPde,npipey@godaddy.com,6/29/2024,customer service
36,hharradinez,$2a$04$/GkneCUXudemT.I8B4K62Otl9iuXYP.B6r79PyeuMgeG.RHL6ox3W,jchitsonz@globo.com,10/30/2024,warehouse
37,kstoffers10,$2a$04$Pym0IOvYCcaSAAUcz.FFb.7kku0Xc///btbREUrGsD4GmkEPUK9sS,hlewsy10@hugedomains.com,8/18/2024,customer service
38,lholtum11,$2a$04$xUsrNJH38w1o.V.WiuHaB.5WA8OgOQKuiCNU2E8f/P9DxFvx719La,csurgison11@un.org,6/15/2024,customer service
39,bcullingford12,$2a$04$7dhPR88DuP84.u2trRUkqugHPmAYRBZVdd8JiBJ6cFggGZkyQYzR2,vmoreno12@aol.com,10/26/2024,admin
40,gwycherley13,$2a$04$TruY/M7FaCV6s4akHyGoTO9TWZ.r1LvMv2vLSyJoD8L0XEqCDZiWW,kplain13@stanford.edu,3/21/2024,warehouse
41,gbeverley14,$2a$04$EYtczlMck2StsY2MmdALuedPFltPzBJ6gU3O5rlFOS.dWm0BX2stC,nvogele14@zdnet.com,1/2/2024,sales
42,ghelliwell15,$2a$04$YRAgYXwp9pA4neM6bJXnKuXZ5iZ299cvlYZE1vQnUSEze5KspJh1.,sgreste15@xrea.com,7/8/2024,manager
43,titzik16,$2a$04$z5Sy/quB9tKm6ieyIH34pOjnqq8oYE8UzJ9SB3CKJo1MBcECq2NSG,gsampey16@dot.gov,12/5/2024,customer service
44,khockey17,$2a$04$W8/KLAeCDMXcVzREeZxkIuSIocgo59XX9s7krECKfUQEEgxGjebAO,lbrandhardy17@seattletimes.com,10/9/2024,sales
45,mgowdridge18,$2a$04$oigg6KSDhP3zGVU4mIxd4.Y9OcF3NOPwDCPFV4ZyMe8Wx1HdrYiUq,woverell18@ask.com,10/9/2024,warehouse
46,lrampton19,$2a$04$ZxVms83ViYlI4dRhU3fJ9eI6YCUBM9IwN3imlT48DTjIh/f3gl2lW,sstuddeard19@chicagotribune.com,11/4/2024,customer service
47,mscurrell1a,$2a$04$eq.pujrLKCm/MuJJGUXPYep4pEyxVoz0mEiXrnxf/PTeF.Ao1u1ly,gwatsam1a@cocolog-nifty.com,8/26/2024,admin
48,fsheen1b,$2a$04$1A8RerkZMeDQ2Pm/iNVrGuj8We.iMysuU24NDp3G1SxXHvzAuPlbG,mfintoph1b@ifeng.com,7/21/2024,sales
49,tsimpkiss1c,$2a$04$OOBT/HKE0mBgh3OOKFOyDesF9C3kFvXrdEExc1UnlnKxPo92xDDJy,ncutridge1c@ebay.com,4/9/2024,admin
50,freah1d,$2a$04$U7LD8qUMf3dTeJeaFh1gQeihkg0J6FKj4aIwccni6AC91XwXIXDyG,kchatelain1d@storify.com,2/3/2024,warehouse
51,dcasine1e,$2a$04$oEvN0akjNqAfU9P690vjUu5Gy6dTz6AnrsrwgW0CkO.oC./dvJDFW,tbackshell1e@google.fr,4/5/2024,customer service
52,tmathys1f,$2a$04$4zB2VNWx1eB3S61qcYd77uWaOpQY55xXXBRFTmTuthUerJk7uW6by,cstoppe1f@123-reg.co.uk,8/10/2024,sales
53,vreynoldson1g,$2a$04$3yxXDpGFSASbbD33UYB3Yu5ZUO6BF6gknOPAManGLelE2Bar9scme,mborgnet1g@hexun.com,7/13/2024,manager
54,cmepsted1h,$2a$04$mTWETsQNFZpYZVlsxg4ViuMTJcCnoFJuu6EADeP47bpxBAUYQtV6y,arojel1h@mlb.com,8/27/2024,customer service
55,bbuckmaster1i,$2a$04$SCvdpLaUgAGTYsjss3Bbn.4tAioP5OQttdet.gXPIaYpfixzbexZK,droseby1i@skype.com,3/14/2024,admin
56,rdumini1j,$2a$04$gX0yIB4KGNmgqMmOIwGcEez4uC4pooDOluZLF9NkBpxTpQdS1IqxC,whemphrey1j@china.com.cn,10/2/2024,customer service
57,agradley1k,$2a$04$zhQvfuvaYNLa1jF5uvfIj.mjPf57jIF0fkcne9r6bxlNsRps.y2Bu,ypolini1k@ted.com,9/12/2024,warehouse
58,gkitcatt1l,$2a$04$g8lJ/idX4GXz4OSb66Q52u/QhHKibV3xh90cWfOAXHcVO6Z4Xz/Dq,sbenit1l@opensource.org,11/22/2024,manager
59,kager1m,$2a$04$qEHlJTXjvxBzmN/Q1xbaYesO06Qjo/zeIkJZE7Ltehk8xR41XAqfm,htownby1m@wp.com,5/16/2024,admin
60,kmacgorrie1n,$2a$04$hMOhGi13oqloEmwGh8UvbOerxuRl86zvDpzHvUPRcO.A5pGBLmPsu,tyancey1n@dmoz.org,12/24/2023,manager
61,jhavard1o,$2a$04$lf00Cd8duRQbJxt66TcP.eVODnHRauvapLbQkhUESX2H47lBt6a6e,dtambling1o@cnbc.com,3/14/2024,customer service
62,rkrojn1p,$2a$04$.slCzkQBjQ1OC2Fwex2IjelZf4HnSuCD2.xpoFq0ukCI1Lv7CAgzu,jhitzke1p@jalbum.net,7/25/2024,warehouse
63,ngueste1q,$2a$04$SlBEz4HYEgUu8mCJ1Fy3G.hrx0CVgAnjp1uom9yG1OXzzUxK6nlru,jstollenbecker1q@icio.us,4/20/2024,warehouse
64,ebillion1r,$2a$04$YVcTPTkBrJOWOtAz7SrfdOUGjTJhntuxSyRJcWDo4Nfpk3duIEKzG,ysimpkin1r@bravesites.com,9/18/2024,sales
65,cdannell1s,$2a$04$Ql2ZpCYwYza5RqRuRYn7EOUI2xGED.7AwxY9oYTMGmmEUsshKfjeS,gstonary1s@simplemachines.org,10/26/2024,manager
66,ulyptrit1t,$2a$04$g.97nKmdHoIYmzgBvxeXXe6SbookBFuQsAIAFfwRJOVdBR95vEWa6,aaitcheson1t@free.fr,7/9/2024,sales
67,dknoller1u,$2a$04$O2HlRBacOCknX77puzeJ2.b/kH7aJR.fj.aqIInvoNH/tUDGwr.x.,mambrose1u@weebly.com,3/14/2024,manager
68,mballantine1v,$2a$04$XqXnAhgX5Dxn3a.brTJIk.2V4JdC7Zq02t2B2qvwCcpsrWzagbd5W,cfairpool1v@smh.com.au,10/11/2024,sales
69,yverity1w,$2a$04$MIhEH4E/Kb4J/ZBWLVEBb.lj1ZwhgHK3pGmPbqr.72oUC1/835rdK,wandreone1w@paginegialle.it,5/18/2024,sales
70,lcharnock1x,$2a$04$TI8azxEg4f3n3Etp/XlIxOAmmP2a00jjUOKHrZucpZ8QD3cPwaWuC,kstyant1x@ftc.gov,7/15/2024,warehouse
71,bsnookes1y,$2a$04$a6T4UizbEzrfZKmkvf6Oee43EvMr5FlWNSgGEg2PMjoQPlcLJXrIe,disacsson1y@wisc.edu,5/10/2024,manager
72,fjago1z,$2a$04$V0KtbukHuYu0CXgRa0ASY.9LdkW9u6yLGPAxIOyn4S4prnZKcgLIu,tmillwall1z@wiley.com,11/6/2024,warehouse
73,lsawley20,$2a$04$vgOMaJyxhrSIeXtt7G/OvukN0QFRXdHFU8i9kcSgFTGEy4zHn83tq,ebadham20@umn.edu,10/5/2024,manager
74,nsouttar21,$2a$04$EY8iACyaq1355J9ODk9Rxu5D/vSc95rI/QYqDOoA1mUkpxK/tfs6W,bcyson21@webmd.com,2/10/2024,warehouse
75,sclemanceau22,$2a$04$tDeSq0AF93HWeAvpTVtP4Os4UO.JXgqcPC5JE/nsMPDY/Y6OAv2gm,zegger22@freewebs.com,2/14/2024,sales
76,sheys23,$2a$04$SyOTHR5dOBIvvP0Lia5HLuDkhml1QecL88K6zYI8.5WH2U7xlpcC6,cmosdill23@nbcnews.com,1/29/2024,manager
77,rbende24,$2a$04$makln1elBXW7BPlui7MvA.xZE.bS0ckAXvdvpParaNQ5EeN7LZ04.,zmccathay24@pen.io,7/1/2024,admin
78,dmabb25,$2a$04$U4zcTHnNq2hijYasKs7lLO.BMbynk000JOlmpwVpURclOmfGamnM2,nhatry25@nydailynews.com,10/15/2024,sales
79,srunnalls26,$2a$04$v1bLvzBooARHj4qD86N5AeqAlqQe/AWRK4TvYJNwZjfT7AdyOQuRW,lmilam26@vinaora.com,6/24/2024,admin
80,mtibbetts27,$2a$04$zDLuPeHalJ.392WpWGA3o.1BhLlrc/ocuLqh.tsW08mYXKLuZrkLq,cstanyard27@issuu.com,9/30/2024,manager
81,scarnegy28,$2a$04$BusuQggar8yZwpDGDoZpJuRf82APoWLDkTvYKxoqZtgxX2Tap2n8u,fhasker28@exblog.jp,11/10/2024,manager
82,mpenrith29,$2a$04$4d5tjtFSOyhlQ/UBq2x7cez7o27xeZbVnhHxkKdNrUqrKoCjP7HGa,jropp29@rambler.ru,7/13/2024,sales
83,gseabon2a,$2a$04$5YHlkfNc1EsnWM6yXdANHu9eA6ft4TBBKAq/FAma.HSwXeap7gKE.,irodgman2a@facebook.com,5/12/2024,warehouse
84,cewington2b,$2a$04$3kA0WxKYZQ1qB4KZRVa3Z.t8Dwthvzzip5RG5gVSIV9VLWyVrcTSq,elaraway2b@ifeng.com,5/8/2024,manager
85,lhentze2c,$2a$04$EUdUoSZTynXCIWkLCe0Ucu8GDQmPSfVeqckJDtSl6mOTEY1sA4KsW,gbray2c@google.com.au,11/19/2024,warehouse
86,jruston2d,$2a$04$GQDuHKHZXV4sZjKVFJ8l8.E5gXz2a0zcuNsIoFAYTf3VUY0vJiL/q,hkilfoyle2d@icio.us,3/5/2024,customer service
87,byaakov2e,$2a$04$/ZS1bCwgqMrdrSUvCPkbgOgdYeOgBneQGtVFHlnowXv.jrvGKn3e.,laynold2e@about.me,12/25/2023,manager
88,lstart2f,$2a$04$GDR5cXKMwBH3klr/mgMysuz/lWjeP.lUB1q.exv1ls86foLujPj0a,orenouf2f@msu.edu,10/12/2024,customer service
89,vasbury2g,$2a$04$S64mbLBrcaput5UNA/I2Ke7QE9eTmDGIwg7SL5hBsecqzaevSl3nu,droch2g@microsoft.com,12/12/2023,admin
90,vpether2h,$2a$04$h4tzAiv8BUxJVRhVaXf..OrlFgl8hNDOn42BaNVn7/Hu5xD3OJRC.,jbexon2h@bravesites.com,9/25/2024,sales
91,cgrimshaw2i,$2a$04$4ZKeITou3QG.JXhMPmLsQ.IAW4G5lLa8DSfuiJhSO25VC1XPUBW4e,jrijkeseis2i@webeden.co.uk,7/17/2024,sales
92,checkney2j,$2a$04$Rx6RWmuUFr/CNnaEoP285OVXDiOVS4hyoZ0i9AL36y/MyKCtyq9rq,adrain2j@reuters.com,3/3/2024,warehouse
93,barnaudin2k,$2a$04$Rvb14sMMcIgvtPBZ7khya.JyNreRQ2cUqQrTA3YDobowHs2X07Asq,jfilipiak2k@amazon.co.jp,4/26/2024,manager
94,fscholler2l,$2a$04$ML/UDmg3XFEPjQAlcGNi0ePAhk8TJFIxM6SsOEStWxMKZjOk6intm,rhawke2l@umn.edu,5/15/2024,customer service
95,gblaxter2m,$2a$04$/UrGPI9nKYeYbbZXNzg7tOi7UOlLUCSwBrpGYPPv9V4jLzjW.duAK,skinman2m@tripod.com,3/8/2024,warehouse
96,wpownall2n,$2a$04$RGSoegqtZNycZ0sZRkdEwuE0KQcF0f0U3wHgYJivUBNRWg3GJPCga,efrensche2n@alibaba.com,10/11/2024,manager
97,pflorey2o,$2a$04$n0BosMCWWNG5ZfAYAXwxKOSW97ovijwgfApGrlJR9qaIbixzqk0RC,npicknett2o@jalbum.net,12/9/2024,customer service
98,lrainer2p,$2a$04$ipEKz0Jr7r2Nrbp655aF5OlFH7xZt/apjQaftE1chyGYJq9WgAM1y,lharburtson2p@spotify.com,4/23/2024,warehouse
99,bchinnock2q,$2a$04$XS5acSKPRExjw4f0fjnE5eWVzAEL1SSgyw8BwZXcut1bQvuUdPUV2,pibbett2q@alibaba.com,10/12/2024,manager
100,pschustl2r,$2a$04$cxTn1jGr6jJ/6fFylSczZuoN/mUhlThejo0Id0LO9IaCkKhTtA64W,bbalbeck2r@amazon.de,6/28/2024,admin
